source,product_id,title,category,handle,product_url,available,price_min_nzd,price_max_nzd,updated_at,scraped_at,varietal,size_prices,origin_country,producer,process,decaf,description,flavour_notes
rocketcoffee.co.nz,8101055103152,Arturo Arango - Castillo [natural] espresso,espresso roast,arturo-arango-natural-espresso,https://rocketcoffee.co.nz/products/arturo-arango-natural-espresso,True,28.0,95.0,2026-08-17T23:02:01+12:00,2026-08-17T13:20:25+00:00,castillo,"[{'size_grams': 250.0, 'price_nzd': 28.0}, {'size_grams': 1000.0, 'price_nzd': 95.0}]",unknown,unknown,unknown,False,"Arturo's natural Castillo is sweet & fruity with favours of raspberry, passionfruit & turkish delight. Roasted in H-town 12 AUG 2026",unknown
rocketcoffee.co.nz,8087594041520,Arturo Arango - Caturra [washed] filter roast,filter roast,arturo-arango-caturra-washed-filter-roast,https://rocketcoffee.co.nz/products/arturo-arango-caturra-washed-filter-roast,True,28.0,28.0,2026-08-17T23:02:01+12:00,2026-08-17T13:20:25+00:00,caturra,"[{'size_grams': 250.0, 'price_nzd': 28.0}]",unknown,unknown,unknown,False,"Arturo's washed Caturra is super sweet & easy to drink, with flavours of candy apple, blackberry & marmalade. Roasted in H-town 12 AUG 2026",unknown
rocketcoffee.co.nz,8100015538352,Arturo Arango - Yellow Sudan Rume [natural] filter roast,filter roast,arturo-arango-yellow-sudan-rume-natural-filter-roast,https://rocketcoffee.co.nz/products/arturo-arango-yellow-sudan-rume-natural-filter-roast,True,50.0,50.0,2026-08-17T23:02:01+12:00,2026-08-17T13:20:25+00:00,sudan rume,"[{'size_grams': 250.0, 'price_nzd': 50.0}]",unknown,unknown,unknown,False,"Arturo’s Yellow Sudan Rume is wonderful, sweet with a floral aroma & flavours of blackberry, tangelo, blueberry, elderflower & lemon zest. Roasted in H-town 11 AUG 2026",unknown
rocketcoffee.co.nz,6984263467184,DECAF - Colombia Popayán Espresso,espresso roast,decaff-capucas-cooperative-honduras-single-origin-espresso-roast,https://rocketcoffee.co.nz/products/decaff-capucas-cooperative-honduras-single-origin-espresso-roast,True,20.0,70.0,2026-08-17T23:02:01+12:00,2026-08-17T13:20:25+00:00,unknown,"[{'size_grams': 250.0, 'price_nzd': 20.0}, {'size_grams': 1000.0, 'price_nzd': 70.0}]",unknown,unknown,unknown,True,,unknown
rocketcoffee.co.nz,8061000351920,Diofanor Ruiz - Castillo [washed] filter roast,filter roast,diofanor-ruiz-castillo-washed-filter-roast,https://rocketcoffee.co.nz/products/diofanor-ruiz-castillo-washed-filter-roast,True,27.0,27.0,2026-08-17T23:02:01+12:00,2026-08-17T13:20:25+00:00,castillo,"[{'size_grams': 250.0, 'price_nzd': 27.0}]",unknown,unknown,unknown,False,"This washed Castillo is sweet with flavours of strawberry, raspberry & panela. Roasted in H-town 11 AUG 2026",unknown
rocketcoffee.co.nz,7947301159088,Don Claudio Project - Caturra - Catuai - Obata [natural] espresso,espresso roast,don-claudio-project-caturra-catuai-obata-natural-espresso,https://rocketcoffee.co.nz/products/don-claudio-project-caturra-catuai-obata-natural-espresso,True,26.0,88.0,2026-08-17T23:02:01+12:00,2026-08-17T13:20:25+00:00,"caturra,catuai,obata","[{'size_grams': 250.0, 'price_nzd': 26.0}, {'size_grams': 1000.0, 'price_nzd': 88.0}]",unknown,unknown,unknown,False,"This is a heavy-bodied, sweet coffee with flavours of mango, strawberry & red apple. Roasted in H-town 12 AUG 2026",unknown
rocketcoffee.co.nz,6982371016880,ESPRESSO BLEND,espresso roast,rocket-espresso-blend-new,https://rocketcoffee.co.nz/products/rocket-espresso-blend-new,True,18.0,55.0,2026-08-17T23:02:01+12:00,2026-08-17T13:20:25+00:00,unknown,"[{'size_grams': 250.0, 'price_nzd': 18.0}, {'size_grams': 1000.0, 'price_nzd': 55.0}]",unknown,unknown,unknown,False,This blend is 50% Idido Memeru Demese - Ethiopia & 50% ASPROTIMANÁ - Colombia. Roasted in H-town Daily.,unknown
rocketcoffee.co.nz,11781494148,ESPRESSO BLEND subscription,espresso roast,rocket-espresso-blend-subscription,https://rocketcoffee.co.nz/products/rocket-espresso-blend-subscription,True,213.0,708.0,2026-08-17T23:02:01+12:00,2026-08-17T13:20:25+00:00,unknown,"[{'size_grams': 250.0, 'price_nzd': 213.0}, {'size_grams': 250.0, 'price_nzd': 213.0}, {'size_grams': 250.0, 'price_nzd': 213.0}, {'size_grams': 500.0, 'price_nzd': 378.0}, {'size_grams': 500.0, 'price_nzd': 378.0}, {'size_grams': 500.0, 'price_nzd': 378.0}, {'size_grams': 1000.0, 'price_nzd': 708.0}, {'size_grams': 1000.0, 'price_nzd': 708.0}, {'size_grams': 1000.0, 'price_nzd': 708.0}]",unknown,unknown,unknown,False,"This subscription is for our Rocket Espresso Blend, it's seasonal, changing throughout the year as fresh crop coffee arrives into the country. This is for 12 deliveries, choose either 250g, 500g or 1kg, sent weekly, fortnightly or monthly. For more information on the current Espresso Blend click here All subscriptions include freight. For any changes to your subscription or help on coffee brewing of all methods i.e. espresso, plunger etc fire an email through to espresso@rocketcoffee.co.nz",unknown
rocketcoffee.co.nz,7338828759216,ESPRESSO DULCE,espresso roast,dulce-espresso-blend,https://rocketcoffee.co.nz/products/dulce-espresso-blend,True,18.0,55.0,2026-08-17T23:02:01+12:00,2026-08-17T13:20:25+00:00,unknown,"[{'size_grams': 250.0, 'price_nzd': 18.0}, {'size_grams': 1000.0, 'price_nzd': 55.0}]",unknown,unknown,unknown,False,"This is our second-best selling espresso blend, it is our darkest [but not dark, oily & roasty] espresso blend. Currently it’s a 50:50 blend of Francisco Isidro Pereira from Brasil & ASPROTIMANÁ from Colombia. Perfect as a flat white. Dulce is sweet with flavours of milk chocolate & caramel. As a black coffee, you’ll find dark chocolate, brown sugar & roasted almonds.",unknown
rocketcoffee.co.nz,7762789630128,ESPRESSO DULCE subscription,espresso roast,espresso-dulce-subscription,https://rocketcoffee.co.nz/products/espresso-dulce-subscription,True,213.0,708.0,2026-08-17T23:02:01+12:00,2026-08-17T13:20:25+00:00,unknown,"[{'size_grams': 250.0, 'price_nzd': 213.0}, {'size_grams': 250.0, 'price_nzd': 213.0}, {'size_grams': 250.0, 'price_nzd': 213.0}, {'size_grams': 500.0, 'price_nzd': 378.0}, {'size_grams': 500.0, 'price_nzd': 378.0}, {'size_grams': 500.0, 'price_nzd': 378.0}, {'size_grams': 1000.0, 'price_nzd': 708.0}, {'size_grams': 1000.0, 'price_nzd': 708.0}, {'size_grams': 1000.0, 'price_nzd': 708.0}]",unknown,unknown,unknown,False,"This subscription is for our Rocket Espresso DULCE, it's seasonal, changing throughout the year as fresh crop coffee arrives into the country. This is for 12 deliveries, choose either 250g, 500g or 1kg, sent weekly, fortnightly or monthly. For more information on the current Espresso Dulce click here All subscriptions include freight. For any changes to your subscription or help on coffee brewing of all methods i.e. espresso, plunger etc fire an email through to espresso@rocketcoffee.co.nz",unknown
rocketcoffee.co.nz,8061619536048,Gicherori Peaberry - SL28 - SL34 - Ruiru 11 - Batian [washed] filter roast,filter roast,gicherori-peaberry-sl28-sl34-ruiru-11-batian-washed-filter-roast,https://rocketcoffee.co.nz/products/gicherori-peaberry-sl28-sl34-ruiru-11-batian-washed-filter-roast,True,28.0,28.0,2026-08-17T23:02:01+12:00,2026-08-17T13:20:25+00:00,"ruiru 11,sl28,sl34,batian","[{'size_grams': 250.0, 'price_nzd': 28.0}]",unknown,unknown,unknown,False,"This is a tasty peaberry selection. It's juicy with flavours of lemon verbena, redcurrant & apricot, Roasted in H-town 13 AUG 2026",unknown
rocketcoffee.co.nz,8101037015216,Githembe - SL28 - SL34 - Ruiru 11 - Batian [washed] filter roast,filter roast,githembe-sl28-sl34-ruiru-11-batian-washed-filter-roast,https://rocketcoffee.co.nz/products/githembe-sl28-sl34-ruiru-11-batian-washed-filter-roast,True,28.0,28.0,2026-08-17T23:02:01+12:00,2026-08-17T13:20:25+00:00,"ruiru 11,sl28,sl34,batian","[{'size_grams': 250.0, 'price_nzd': 28.0}]",unknown,unknown,unknown,False,"This Kenyan has flavours of ribena, Syrah & ripe apricot. Roasted in H-town 13 AUG 2026",unknown
rocketcoffee.co.nz,8077053296816,Jairo Arcila - Castillo [natural decaf] filter roast,filter roast,jairo-arcila-castillo-natural-decaf-filter-roast,https://rocketcoffee.co.nz/products/jairo-arcila-castillo-natural-decaf-filter-roast,True,28.0,28.0,2026-08-17T23:02:01+12:00,2026-08-17T13:20:25+00:00,"castillo,caturra","[{'size_grams': 250.0, 'price_nzd': 28.0}]",unknown,unknown,unknown,True,"This is a delicious natural decaf from Jairo. It has flavours of peach, passionfruit & cherry cola…… Roasted in H- town 17 AUG 2026",unknown
rocketcoffee.co.nz,8081024614576,Jorge Osorio - V. Colombia [washed] espresso,espresso roast,jorge-osorio-v-colombia-washed-espresso,https://rocketcoffee.co.nz/products/jorge-osorio-v-colombia-washed-espresso,True,27.0,92.0,2026-08-17T23:02:01+12:00,2026-08-17T13:20:25+00:00,unknown,"[{'size_grams': 250.0, 'price_nzd': 27.0}, {'size_grams': 1000.0, 'price_nzd': 92.0}]",unknown,unknown,unknown,False,"This washed lot of V. Colombia from Jorge has flavours of chocolate, orange & a hint of lemon zest Roasted in H-town 12 AUG 2026",unknown
rocketcoffee.co.nz,8055903944880,July Jumbo - Sidra [washed double fermented] filter roast,filter roast,july-jumbo-sidra-washed-double-fermented-filter-roast,https://rocketcoffee.co.nz/products/july-jumbo-sidra-washed-double-fermented-filter-roast,True,42.0,42.0,2026-08-17T23:02:01+12:00,2026-08-17T13:20:25+00:00,sidra,"[{'size_grams': 250.0, 'price_nzd': 42.0}]",unknown,unknown,unknown,False,"July Jumbo’s washed Sidra has flavours of creaming soda, peach & raspberry. Roasted in H-town 10 AUG 2026",unknown
rocketcoffee.co.nz,8102659195056,Karundu - SL28 - SL34 - Ruiru 11 - Batian [washed] filter roast,filter roast,karundu-sl28-sl34-ruiru-11-batian-washed-filter-roast,https://rocketcoffee.co.nz/products/karundu-sl28-sl34-ruiru-11-batian-washed-filter-roast,True,28.0,28.0,2026-08-17T23:02:01+12:00,2026-08-17T13:20:25+00:00,"ruiru 11,sl28,sl34,batian","[{'size_grams': 250.0, 'price_nzd': 28.0}]",unknown,unknown,unknown,False,Roasted in H-town 17 AUG 2026,unknown
rocketcoffee.co.nz,8087907172528,Kii - SL28 - SL34 [washed] filter roast,filter roast,kii-sl28-sl34-washed-filter-roast,https://rocketcoffee.co.nz/products/kii-sl28-sl34-washed-filter-roast,True,28.0,28.0,2026-08-17T23:02:01+12:00,2026-08-17T13:20:25+00:00,"sl28,sl34","[{'size_grams': 250.0, 'price_nzd': 28.0}]",unknown,unknown,unknown,False,"Kii has juicy acidity with flavours of rose-hip tea, raspberry & black doris plum. Roasted in H-town 13 AUG 2026",unknown
rocketcoffee.co.nz,8082951438512,Kiunyu  - SL28 - SL34 - Ruiru 11 - Batian [washed] filter roast,filter roast,kiunyu-sl28-sl34-ruiru-11-batian-washed-filter-roast,https://rocketcoffee.co.nz/products/kiunyu-sl28-sl34-ruiru-11-batian-washed-filter-roast,True,28.0,28.0,2026-08-17T23:02:01+12:00,2026-08-17T13:20:25+00:00,"ruiru 11,sl28,sl34,batian","[{'size_grams': 250.0, 'price_nzd': 28.0}]",unknown,unknown,unknown,False,"Kiunyu has flavours of blackcurrant, hibiscus & red liquorice. Roasted in H-town 10 AUG 2026",unknown
rocketcoffee.co.nz,8099758833840,Luz Helena - Caturra [natural] filter roast,filter roast,luz-helena-caturra-natural-filter-roast,https://rocketcoffee.co.nz/products/luz-helena-caturra-natural-filter-roast,True,28.0,28.0,2026-08-17T23:02:01+12:00,2026-08-17T13:20:25+00:00,caturra,"[{'size_grams': 250.0, 'price_nzd': 28.0}]",unknown,unknown,unknown,False,"Luz' naturally processed Caturra is a great coffee with flavours of purple winegums, ripe red plum & a floral aroma Roasted in H-town 13 AUG 2026",unknown
rocketcoffee.co.nz,8058992361648,Milton Torres - Caturra [washed] filter roast,filter roast,milton-torres-caturra-washed-filter-roast,https://rocketcoffee.co.nz/products/milton-torres-caturra-washed-filter-roast,True,26.0,26.0,2026-08-17T23:02:01+12:00,2026-08-17T13:20:25+00:00,caturra,"[{'size_grams': 250.0, 'price_nzd': 26.0}]",unknown,unknown,unknown,False,"Milton's washed Caturra is sweet & fruity without too much acidity. It has flavours of pear, flat lemonade & papaya. Roasted in H-town 12 AUG 2026",unknown
rocketcoffee.co.nz,8009599647920,Mr. Diki & Don Aman - P88 - Lini S795  [carbonic maceration] filter roast,filter roast,mr-diki-don-aman-p88-lini-s795-carbonic-maceration,https://rocketcoffee.co.nz/products/mr-diki-don-aman-p88-lini-s795-carbonic-maceration,True,30.0,30.0,2026-08-17T23:02:01+12:00,2026-08-17T13:20:25+00:00,java,"[{'size_grams': 250.0, 'price_nzd': 30.0}]",unknown,unknown,unknown,False,"This is very sweet & syrupy with flavours of peach, orange juice & ripe pineapple. Roasted in H-town 11 AUG 2026",unknown
rocketcoffee.co.nz,8026764640432,Mr. Diki & Don Aman - P88 - S795 [carbonic maceration] espresso,espresso roast,mr-diki-don-aman-p88-s795-carbonic-maceration-espresso-copy,https://rocketcoffee.co.nz/products/mr-diki-don-aman-p88-s795-carbonic-maceration-espresso-copy,True,30.0,108.0,2026-08-17T23:02:01+12:00,2026-08-17T13:20:25+00:00,java,"[{'size_grams': 250.0, 'price_nzd': 30.0}, {'size_grams': 1000.0, 'price_nzd': 108.0}]",unknown,unknown,unknown,False,"This is very sweet & syrupy with flavours of peach, orange juice & ripe pineapple. Roasted in H-Town 12 AUG 2026",unknown
rocketcoffee.co.nz,7276031213744,ORGANIC ESPRESSO,espresso roast,rocket-organic-espresso-blend,https://rocketcoffee.co.nz/products/rocket-organic-espresso-blend,True,18.0,55.0,2026-08-17T23:02:01+12:00,2026-08-17T13:20:25+00:00,unknown,"[{'size_grams': 250.0, 'price_nzd': 18.0}, {'size_grams': 1000.0, 'price_nzd': 55.0}]",unknown,unknown,unknown,False,This blend is 40 % Asociación San Martin - Peru & 60% Asociacion ASOBRIS - Colombia,unknown
rocketcoffee.co.nz,7164348170416,ORGANIC ESPRESSO subscription,espresso roast,rocket-organic-espresso-blend-subscription,https://rocketcoffee.co.nz/products/rocket-organic-espresso-blend-subscription,True,213.0,708.0,2026-08-17T23:02:01+12:00,2026-08-17T13:20:25+00:00,unknown,"[{'size_grams': 250.0, 'price_nzd': 213.0}, {'size_grams': 250.0, 'price_nzd': 213.0}, {'size_grams': 500.0, 'price_nzd': 378.0}, {'size_grams': 500.0, 'price_nzd': 378.0}, {'size_grams': 250.0, 'price_nzd': 213.0}, {'size_grams': 500.0, 'price_nzd': 378.0}, {'size_grams': 1000.0, 'price_nzd': 708.0}, {'size_grams': 1000.0, 'price_nzd': 708.0}, {'size_grams': 1000.0, 'price_nzd': 708.0}]",unknown,unknown,unknown,False,"This subscription is for our Organic espresso blend, it's seasonal, changing throughout the year as fresh crop coffee arrives into the country. This is for 12 deliveries, choose either 250g or 500g sent weekly, fortnightly or monthly... because you're prepaying we'll charge the 1kg rate. For more information on the current Organic espresso blend click here All subscriptions include freight. For any changes to your subscription or help on coffee brewing of all methods i.e. espresso, plunger etc fire an email through to espresso@rocketcoffee.co.nz",unknown
rocketcoffee.co.nz,8061671276720,Paola y Carlos Trujillo - Aji [washed] filter roast,filter roast,paola-y-carlos-trujillo-aji-washed-filter-roast,https://rocketcoffee.co.nz/products/paola-y-carlos-trujillo-aji-washed-filter-roast,True,38.0,38.0,2026-08-17T23:02:01+12:00,2026-08-17T13:20:25+00:00,unknown,"[{'size_grams': 250.0, 'price_nzd': 38.0}]",unknown,unknown,unknown,False,"This is the first Aji cultivar we’ve offered & it’s a doozy. It’s very sweet, clean & juicy with flavours of ripe blueberry, apple syrup & gold kiwifruit. Roasted in H-town 14 AUG 2026",unknown
rocketcoffee.co.nz,8061670195376,Paola y Carlos Trujillo - Geisha [natural] filter roast,filter roast,paola-y-carlos-trujillo-geisha-natural-filter-roast,https://rocketcoffee.co.nz/products/paola-y-carlos-trujillo-geisha-natural-filter-roast,True,45.0,45.0,2026-08-17T23:02:01+12:00,2026-08-17T13:20:25+00:00,geisha,"[{'size_grams': 250.0, 'price_nzd': 45.0}]",unknown,unknown,unknown,False,This Geisha from Paola & Carlos has a floral rose aroma & flavours of strawberry milkshake & marshmallow. Roasted in H-town 14 AUG 2026,unknown
rocketcoffee.co.nz,8061670785200,Paola y Carlos Trujillo - Java [washed] filter roast,filter roast,paola-y-carlos-trujillo-java-washed-filter-roast,https://rocketcoffee.co.nz/products/paola-y-carlos-trujillo-java-washed-filter-roast,True,36.0,36.0,2026-08-17T23:02:01+12:00,2026-08-17T13:20:25+00:00,java,"[{'size_grams': 250.0, 'price_nzd': 36.0}]",unknown,unknown,unknown,False,"The last in our trifecta of Trujillo roasts, Paola & Carlos’ washed Java has flavours of apricot, cardamom & crème brûlée. Roasted in H-town 12 AUG 2026",unknown
rocketcoffee.co.nz,7360266666160,ROCKET single origin espresso subscription,"filter roast,espresso roast",rocket-single-origin-espresso-subscription,https://rocketcoffee.co.nz/products/rocket-single-origin-espresso-subscription,True,72.0,480.0,2026-08-17T23:02:01+12:00,2026-08-17T13:20:25+00:00,unknown,"[{'size_grams': 250.0, 'price_nzd': 72.0}, {'size_grams': 250.0, 'price_nzd': 132.0}, {'size_grams': 250.0, 'price_nzd': 264.0}, {'size_grams': 500.0, 'price_nzd': 132.0}, {'size_grams': 500.0, 'price_nzd': 240.0}, {'size_grams': 500.0, 'price_nzd': 480.0}]",unknown,unknown,unknown,False,"If you like your espresso on the fruity side, or you want a slightly darker filter option, then this is for you. The first bag will be sent the day you order, then once a fortnight.",unknown
rocketcoffee.co.nz,161975037,ROCKET single origin filter subscription,filter roast,filter-subscription,https://rocketcoffee.co.nz/products/filter-subscription,True,84.0,576.0,2026-08-17T23:02:01+12:00,2026-08-17T13:20:25+00:00,unknown,"[{'size_grams': 250.0, 'price_nzd': 84.0}, {'size_grams': 250.0, 'price_nzd': 84.0}, {'size_grams': 250.0, 'price_nzd': 84.0}, {'size_grams': 250.0, 'price_nzd': 84.0}, {'size_grams': 250.0, 'price_nzd': 84.0}, {'size_grams': 250.0, 'price_nzd': 84.0}, {'size_grams': 250.0, 'price_nzd': 84.0}, {'size_grams': 250.0, 'price_nzd': 162.0}, {'size_grams': 250.0, 'price_nzd': 84.0}, {'size_grams': 250.0, 'price_nzd': 84.0}, {'size_grams': 250.0, 'price_nzd': 84.0}, {'size_grams': 250.0, 'price_nzd': 84.0}, {'size_grams': 250.0, 'price_nzd': 84.0}, {'size_grams': 250.0, 'price_nzd': 84.0}, {'size_grams': 250.0, 'price_nzd': 312.0}, {'size_grams': 250.0, 'price_nzd': 84.0}, {'size_grams': 250.0, 'price_nzd': 84.0}, {'size_grams': 250.0, 'price_nzd': 84.0}, {'size_grams': 250.0, 'price_nzd': 84.0}, {'size_grams': 250.0, 'price_nzd': 84.0}, {'size_grams': 250.0, 'price_nzd': 84.0}, {'size_grams': 500.0, 'price_nzd': 152.0}, {'size_grams': 500.0, 'price_nzd': 84.0}, {'size_grams': 500.0, 'price_nzd': 84.0}, {'size_grams': 500.0, 'price_nzd': 84.0}, {'size_grams': 500.0, 'price_nzd': 84.0}, {'size_grams': 500.0, 'price_nzd': 84.0}, {'size_grams': 500.0, 'price_nzd': 84.0}, {'size_grams': 500.0, 'price_nzd': 300.0}, {'size_grams': 500.0, 'price_nzd': 84.0}, {'size_grams': 500.0, 'price_nzd': 84.0}, {'size_grams': 500.0, 'price_nzd': 84.0}, {'size_grams': 500.0, 'price_nzd': 84.0}, {'size_grams': 500.0, 'price_nzd': 84.0}, {'size_grams': 500.0, 'price_nzd': 84.0}, {'size_grams': 500.0, 'price_nzd': 576.0}, {'size_grams': 500.0, 'price_nzd': 84.0}, {'size_grams': 500.0, 'price_nzd': 84.0}, {'size_grams': 500.0, 'price_nzd': 84.0}, {'size_grams': 500.0, 'price_nzd': 84.0}, {'size_grams': 500.0, 'price_nzd': 84.0}, {'size_grams': 500.0, 'price_nzd': 84.0}]",unknown,unknown,unknown,False,"The next subscription, No. 336 will be dispatched 25 AUG 2026.",unknown
rocketcoffee.co.nz,8065133117616,Rogelio Segovia - Caturra [washed] filter roast,filter roast,rogelio-torres-castillo-washed-filter-roast-l,https://rocketcoffee.co.nz/products/rogelio-torres-castillo-washed-filter-roast-l,True,24.0,24.0,2026-08-17T23:02:01+12:00,2026-08-17T13:20:25+00:00,"castillo,caturra","[{'size_grams': 250.0, 'price_nzd': 24.0}]",unknown,unknown,unknown,False,"This Peru is sweet & clean with flavours of apricot, black tea & lime. Roasted in H-town 10 AUG 2026",unknown
rocketcoffee.co.nz,8055896670384,Roxana Chambi - Red Catuai [washed] filter roast,filter roast,roxana-chambi-red-catuai-washed-filter-roast,https://rocketcoffee.co.nz/products/roxana-chambi-red-catuai-washed-filter-roast,True,30.0,30.0,2026-08-17T23:02:01+12:00,2026-08-17T13:20:25+00:00,catuai,"[{'size_grams': 250.0, 'price_nzd': 30.0}]",unknown,unknown,unknown,False,"Roxana’s Red Catuai is sweet & easy to drink, with flavours of candy apple, apricot & strawberry. Roasted in H-town 10 AUG 2026",unknown
rocketcoffee.co.nz,8035609149616,Wilford Lamastus Snr. & Jnr. - Geisha lot 16 [ASD natural] filter roast,filter roast,wilford-lamastus-geisha-lot-16-anaerobic-natural-filter-roast-copy,https://rocketcoffee.co.nz/products/wilford-lamastus-geisha-lot-16-anaerobic-natural-filter-roast-copy,True,45.0,45.0,2026-08-17T23:02:01+12:00,2026-08-17T13:20:25+00:00,geisha,"[{'size_grams': 100.0, 'price_nzd': 45.0}]",unknown,unknown,unknown,False,"This anaerobic slow dry natural Geisha from Wilford & Wilford is syrupy with flavours of strawberry, orange blossom, blackberry & bergamot. Roasted in H-town 17 AUG 2026",unknown
atomiccoffee.co.nz,8238210973883,Ultimate Coffee Duo,"filter roast,espresso roast",ultimate-coffee-duo,https://atomiccoffee.co.nz/products/ultimate-coffee-duo,True,30.0,30.0,2026-08-17T23:02:02+12:00,2026-08-17T13:20:32+00:00,unknown,[],unknown,unknown,unknown,False,"Not sure which espresso blend you would like most? We’ve made it easier for you to decide by bundling our top-selling blends at a cheeky discounted price. Veloce (250g) is our flagship blend, the one you’ll find in most cafes serving Atomic. It’s crafted to make a smooth, complex espresso with notes of dark chocolate, cinnamon and stone fruit. and a balanced flat white. Supremo (250g) is for the ‘strong’ coffee lovers – full-bodied, rich in deep chocolate undertones, and elevated by a confectionary sweetness that becomes caramel-like with milk. Our notes for this blend are cacao nibs, marshmallow and clove . Bundle these two classics together and save $6.00!",unknown
atomiccoffee.co.nz,317366203,Veloce,"filter roast,espresso roast",veloce,https://atomiccoffee.co.nz/products/veloce,True,18.0,72.0,2026-08-17T23:02:02+12:00,2026-08-17T13:20:32+00:00,unknown,"[{'size_grams': 250.0, 'price_nzd': 18.0}, {'size_grams': 250.0, 'price_nzd': 18.0}, {'size_grams': 250.0, 'price_nzd': 18.0}, {'size_grams': 250.0, 'price_nzd': 18.0}, {'size_grams': 250.0, 'price_nzd': 18.0}, {'size_grams': 250.0, 'price_nzd': 18.0}, {'size_grams': 1000.0, 'price_nzd': 72.0}, {'size_grams': 1000.0, 'price_nzd': 72.0}, {'size_grams': 1000.0, 'price_nzd': 72.0}, {'size_grams': 1000.0, 'price_nzd': 72.0}, {'size_grams': 1000.0, 'price_nzd': 72.0}, {'size_grams': 1000.0, 'price_nzd': 72.0}]",unknown,unknown,unknown,False,"Veloce is our flagship blend - a rich, sweet and complex espresso that pours like velvet. Roasted delicately so notes of bittersweet chocolate, cinnamon spice and ripe stone fruit cut through. Delicious with or without milk, it's true espresso - the aficionados’ choice.",unknown
atomiccoffee.co.nz,309825991,Supremo,"filter roast,espresso roast",supremo,https://atomiccoffee.co.nz/products/supremo,True,18.0,72.0,2026-08-17T23:02:02+12:00,2026-08-17T13:20:32+00:00,unknown,"[{'size_grams': 250.0, 'price_nzd': 18.0}, {'size_grams': 250.0, 'price_nzd': 18.0}, {'size_grams': 250.0, 'price_nzd': 18.0}, {'size_grams': 250.0, 'price_nzd': 18.0}, {'size_grams': 250.0, 'price_nzd': 18.0}, {'size_grams': 1000.0, 'price_nzd': 72.0}, {'size_grams': 1000.0, 'price_nzd': 72.0}, {'size_grams': 1000.0, 'price_nzd': 72.0}, {'size_grams': 1000.0, 'price_nzd': 72.0}, {'size_grams': 1000.0, 'price_nzd': 72.0}, {'size_grams': 250.0, 'price_nzd': 18.0}, {'size_grams': 1000.0, 'price_nzd': 72.0}]",unknown,unknown,unknown,False,"Called Supremo for a reason, it is a blend with remarkable full-bodied sweetness, great depth of flavour and complexity, and lingering clove and cinnamon spice notes. As an espresso, Supremo has strong dark cocoa flavours, a creamy, smooth body and a soft sweet finish.",unknown
atomiccoffee.co.nz,309826339,Decaf,"filter roast,espresso roast",decaf,https://atomiccoffee.co.nz/products/decaf,True,21.0,84.0,2026-08-17T23:02:02+12:00,2026-08-17T13:20:32+00:00,catuai,"[{'size_grams': 250.0, 'price_nzd': 21.0}, {'size_grams': 250.0, 'price_nzd': 21.0}, {'size_grams': 250.0, 'price_nzd': 21.0}, {'size_grams': 250.0, 'price_nzd': 21.0}, {'size_grams': 250.0, 'price_nzd': 21.0}, {'size_grams': 1000.0, 'price_nzd': 84.0}, {'size_grams': 1000.0, 'price_nzd': 84.0}, {'size_grams': 1000.0, 'price_nzd': 84.0}, {'size_grams': 1000.0, 'price_nzd': 84.0}]","Honduras, Marcala Cooperative: COMSA Variety: Lempira, Catuai, Catimor",unknown,"Fully washed, mountain water decaffeination Altitude : 1,200-1,800 masl Roast Depth : Medium Characteristics Body: silky Acidity: medium Finish: clean",True,"When it comes to flavour there is nothing weak or washed out about our organic decaf. Mountain water decaffeination removes the caffeine naturally and ensures that the body is retained. The result is malt buttery sweetness, a silky smooth body and delightfully clean finish. A decaf that actually tastes like coffee. Origin: Honduras, Marcala Cooperative: COMSA Variety: Lempira, Catuai, Catimor Processing: Fully washed, mountain water decaffeination Altitude : 1,200-1,800 masl Roast Depth : Medium Characteristics Body: silky Acidity: medium Finish: clean Flavour notes: Malt, molasses Recommended use Espresso, stovetop, plunger, Aeropress, filter","Malt, molasses Recommended use Espresso, stovetop, plunger, Aeropress, filter"
atomiccoffee.co.nz,6217691496635,Brazil Coopfam,"filter roast,espresso roast",brazil-coopfam,https://atomiccoffee.co.nz/products/brazil-coopfam,True,20.5,82.0,2026-08-17T23:02:02+12:00,2026-08-17T13:20:32+00:00,catuai,"[{'size_grams': 250.0, 'price_nzd': 20.5}, {'size_grams': 250.0, 'price_nzd': 20.5}, {'size_grams': 250.0, 'price_nzd': 20.5}, {'size_grams': 250.0, 'price_nzd': 20.5}, {'size_grams': 250.0, 'price_nzd': 20.5}, {'size_grams': 250.0, 'price_nzd': 20.5}, {'size_grams': 1000.0, 'price_nzd': 82.0}, {'size_grams': 1000.0, 'price_nzd': 82.0}, {'size_grams': 1000.0, 'price_nzd': 82.0}, {'size_grams': 1000.0, 'price_nzd': 82.0}, {'size_grams': 1000.0, 'price_nzd': 82.0}, {'size_grams': 1000.0, 'price_nzd': 82.0}]","Brazil, Minas Gerais, Poço Fundo Coop: Cooperativa dos Agricultores Familiares de Poço Fundo e Região (Coopfam) Variety: Mundo Novo, Catuai",unknown,Natural Altitude: 800 – 1300 masl Roast depth: light to medium Characteristics Body: medium to full Acidity : low Sweetness: mild Finish: smooth,False,"A classic example of Brazilian coffee, with rich chocolate notes and not so subtle nut flavours – think peanut slab! It is the perfect choice for those who prefer their coffees on the less fruity or acidic side. Origin: Brazil, Minas Gerais, Poço Fundo Coop: Cooperativa dos Agricultores Familiares de Poço Fundo e Região (Coopfam) Variety: Mundo Novo, Catuai Processing: Natural Altitude: 800 – 1300 masl Roast depth: light to medium Characteristics Body: medium to full Acidity : low Sweetness: mild Finish: smooth Flavour notes: Macadamia, Milk Chocolate, Pear Recommended use: Plunger, stovetop, aeropress, filter and espresso","Macadamia, Milk Chocolate, Pear Recommended use: Plunger, stovetop, aeropress, filter and espresso"
atomiccoffee.co.nz,8489942548667,Brazil Sitio Da Torre | Espresso Roast,"filter roast,espresso roast",brazil-sitio-da-torre-espresso-roast,https://atomiccoffee.co.nz/products/brazil-sitio-da-torre-espresso-roast,True,27.5,27.5,2026-08-17T23:02:02+12:00,2026-08-17T13:20:32+00:00,bourbon,"[{'size_grams': 250.0, 'price_nzd': 27.5}, {'size_grams': 250.0, 'price_nzd': 27.5}, {'size_grams': 250.0, 'price_nzd': 27.5}, {'size_grams': 250.0, 'price_nzd': 27.5}, {'size_grams': 250.0, 'price_nzd': 27.5}, {'size_grams': 250.0, 'price_nzd': 27.5}]",unknown,unknown,Natural,False,"Brazil, reimagined.This one starts out as you might expect for a Brazil, with a solid foundation of creamy nuts, honey and cocoa, it then transitions into bright florals and citric acidity bringing freshness. Silky with clear notes of toffee and a light, refreshing finish, this is a Brazil that trades heaviness for elegance and vibrancy. Variety: Yellow Bourbon Processing: Natural Flavour notes: Pomelo, Floral Honey, Pistachio With milk: Almond , Black Tea Recommended use: Espresso","Pomelo, Floral Honey, Pistachio With milk: Almond , Black Tea Recommended use: Espresso"
atomiccoffee.co.nz,8489943859387,Rwanda Vincent Rukeribuga | Filter Roast,"filter roast,espresso roast",rwanda-vincent-rukeribuga-filter-roast,https://atomiccoffee.co.nz/products/rwanda-vincent-rukeribuga-filter-roast,True,31.0,31.0,2026-08-17T23:02:02+12:00,2026-08-17T13:20:32+00:00,bourbon,"[{'size_grams': 250.0, 'price_nzd': 31.0}, {'size_grams': 250.0, 'price_nzd': 31.0}, {'size_grams': 250.0, 'price_nzd': 31.0}, {'size_grams': 250.0, 'price_nzd': 31.0}, {'size_grams': 250.0, 'price_nzd': 31.0}, {'size_grams': 250.0, 'price_nzd': 31.0}]",unknown,unknown,Anaerobic Natural,False,"Bursting with vibrant fruits and remarkable complexity, this coffee is lavishly sweet, full-bodied and deeply expressive. The controlled anaerobic fermentation creates a rich and decadent experience of ripe blueberries, strawberry compote & sweet apples. With a lot going on this coffee delivers a beautifully balanced, long, and elegant finish with sweetness that seems to last forever. Variety: Bourbon Processing: Anaerobic Natural Flavour notes: Ambrosia Apple, Black Forest, Ripe Blueberry Recommended use: Filter","Ambrosia Apple, Black Forest, Ripe Blueberry Recommended use: Filter"
atomiccoffee.co.nz,8489948217531,Kenya Gachika | Filter Roast,"filter roast,espresso roast",kenya-gachika-filter-roast,https://atomiccoffee.co.nz/products/kenya-gachika-filter-roast,True,29.0,29.0,2026-08-17T23:02:02+12:00,2026-08-17T13:20:32+00:00,"ruiru 11,batian","[{'size_grams': 250.0, 'price_nzd': 29.0}, {'size_grams': 250.0, 'price_nzd': 29.0}, {'size_grams': 250.0, 'price_nzd': 29.0}, {'size_grams': 250.0, 'price_nzd': 29.0}, {'size_grams': 250.0, 'price_nzd': 29.0}, {'size_grams': 250.0, 'price_nzd': 29.0}]",unknown,unknown,Washed,False,"A mysterious and magnetic washed Kenyan. This is a coffee of depth and intrigue, where rich prune sweetness leads into flashes of zesty lime. Lingering beneath its shadowy exterior, lays a rich Cabernet Sauvignon, full of ripe plums and subtle tannins. The complexity of this Kenya continues to unfold with every sip. Variety: SL 28, Ruiru 11, Batian Processing: Washed Flavour notes: Prune, Cabernet Sauvignon, Lime Recommended use: Filter 200g","Prune, Cabernet Sauvignon, Lime Recommended use: Filter 200g"
atomiccoffee.co.nz,8489950609595,Indonesia Yolan Tirta | Filter Roast,"filter roast,espresso roast",indonesia-yolan-tirta-filter-roast,https://atomiccoffee.co.nz/products/indonesia-yolan-tirta-filter-roast,True,28.5,28.5,2026-08-17T23:02:02+12:00,2026-08-17T13:20:32+00:00,typica,"[{'size_grams': 250.0, 'price_nzd': 28.5}, {'size_grams': 250.0, 'price_nzd': 28.5}, {'size_grams': 250.0, 'price_nzd': 28.5}, {'size_grams': 250.0, 'price_nzd': 28.5}, {'size_grams': 250.0, 'price_nzd': 28.5}, {'size_grams': 250.0, 'price_nzd': 28.5}]",unknown,unknown,Washed,False,"A comforting, clear and quietly complex Typica from Indonesia. Crisp pear notes provide freshness and lift, while toasted nuts and hot chocolate create a familiar sweetness. Smooth-bodied and nicely balanced, this coffee finishes clean and anchored, inviting another sip before the cup is empty. Variety: Typica Processing: Washed Tasting notes: Red Pear, Hazelnut, Hot Chocolate Recomending use: Filter","Red Pear, Hazelnut, Hot Chocolate Recomending use: Filter"
ozonecoffee.co.nz,6795911954605,Our House: Blend,"filter roast,espresso roast",our-house,https://ozonecoffee.co.nz/products/our-house,True,19.0,197.5,2026-08-18T01:15:09+12:00,2026-08-17T13:20:33+00:00,unknown,"[{'size_grams': 250.0, 'price_nzd': 19.0}, {'size_grams': 250.0, 'price_nzd': 19.0}, {'size_grams': 250.0, 'price_nzd': 19.0}, {'size_grams': 250.0, 'price_nzd': 19.0}, {'size_grams': 250.0, 'price_nzd': 19.0}, {'size_grams': 250.0, 'price_nzd': 19.0}, {'size_grams': 250.0, 'price_nzd': 19.0}, {'size_grams': 250.0, 'price_nzd': 19.0}, {'size_grams': 500.0, 'price_nzd': 36.5}, {'size_grams': 500.0, 'price_nzd': 36.5}, {'size_grams': 500.0, 'price_nzd': 36.5}, {'size_grams': 500.0, 'price_nzd': 36.5}, {'size_grams': 500.0, 'price_nzd': 36.5}, {'size_grams': 500.0, 'price_nzd': 36.5}, {'size_grams': 500.0, 'price_nzd': 36.5}, {'size_grams': 500.0, 'price_nzd': 36.5}, {'size_grams': 1000.0, 'price_nzd': 69.0}, {'size_grams': 1000.0, 'price_nzd': 69.0}, {'size_grams': 1000.0, 'price_nzd': 69.0}, {'size_grams': 1000.0, 'price_nzd': 69.0}, {'size_grams': 1000.0, 'price_nzd': 69.0}, {'size_grams': 1000.0, 'price_nzd': 69.0}, {'size_grams': 1000.0, 'price_nzd': 69.0}, {'size_grams': 1000.0, 'price_nzd': 69.0}, {'size_grams': 3000.0, 'price_nzd': 197.5}]",unknown,unknown,unknown,False,,unknown
ozonecoffee.co.nz,6795928993965,Paramount: Blend,"filter roast,espresso roast",paramount-blend,https://ozonecoffee.co.nz/products/paramount-blend,True,19.0,197.5,2026-08-18T01:15:09+12:00,2026-08-17T13:20:33+00:00,unknown,"[{'size_grams': 250.0, 'price_nzd': 19.0}, {'size_grams': 250.0, 'price_nzd': 19.0}, {'size_grams': 250.0, 'price_nzd': 19.0}, {'size_grams': 250.0, 'price_nzd': 19.0}, {'size_grams': 250.0, 'price_nzd': 19.0}, {'size_grams': 250.0, 'price_nzd': 19.0}, {'size_grams': 250.0, 'price_nzd': 19.0}, {'size_grams': 250.0, 'price_nzd': 19.0}, {'size_grams': 500.0, 'price_nzd': 36.5}, {'size_grams': 500.0, 'price_nzd': 36.5}, {'size_grams': 500.0, 'price_nzd': 36.5}, {'size_grams': 500.0, 'price_nzd': 36.5}, {'size_grams': 500.0, 'price_nzd': 36.5}, {'size_grams': 500.0, 'price_nzd': 36.5}, {'size_grams': 500.0, 'price_nzd': 36.5}, {'size_grams': 500.0, 'price_nzd': 36.5}, {'size_grams': 1000.0, 'price_nzd': 69.0}, {'size_grams': 1000.0, 'price_nzd': 69.0}, {'size_grams': 1000.0, 'price_nzd': 69.0}, {'size_grams': 1000.0, 'price_nzd': 69.0}, {'size_grams': 1000.0, 'price_nzd': 69.0}, {'size_grams': 1000.0, 'price_nzd': 69.0}, {'size_grams': 1000.0, 'price_nzd': 69.0}, {'size_grams': 1000.0, 'price_nzd': 69.0}, {'size_grams': 3000.0, 'price_nzd': 197.5}, {'size_grams': 3000.0, 'price_nzd': 197.5}, {'size_grams': 3000.0, 'price_nzd': 197.5}, {'size_grams': 3000.0, 'price_nzd': 197.5}, {'size_grams': 3000.0, 'price_nzd': 197.5}, {'size_grams': 3000.0, 'price_nzd': 197.5}, {'size_grams': 3000.0, 'price_nzd': 197.5}, {'size_grams': 3000.0, 'price_nzd': 197.5}]",unknown,unknown,unknown,False,,unknown
ozonecoffee.co.nz,6795917099181,Hodson: Blend,"filter roast,espresso roast",hodson-blend,https://ozonecoffee.co.nz/products/hodson-blend,True,19.0,197.5,2026-08-18T01:15:09+12:00,2026-08-17T13:20:33+00:00,unknown,"[{'size_grams': 250.0, 'price_nzd': 19.0}, {'size_grams': 250.0, 'price_nzd': 19.0}, {'size_grams': 250.0, 'price_nzd': 19.0}, {'size_grams': 250.0, 'price_nzd': 19.0}, {'size_grams': 250.0, 'price_nzd': 19.0}, {'size_grams': 250.0, 'price_nzd': 19.0}, {'size_grams': 250.0, 'price_nzd': 19.0}, {'size_grams': 250.0, 'price_nzd': 19.0}, {'size_grams': 500.0, 'price_nzd': 36.5}, {'size_grams': 500.0, 'price_nzd': 36.5}, {'size_grams': 500.0, 'price_nzd': 36.5}, {'size_grams': 500.0, 'price_nzd': 36.5}, {'size_grams': 500.0, 'price_nzd': 36.5}, {'size_grams': 500.0, 'price_nzd': 36.5}, {'size_grams': 500.0, 'price_nzd': 36.5}, {'size_grams': 500.0, 'price_nzd': 36.5}, {'size_grams': 1000.0, 'price_nzd': 69.0}, {'size_grams': 1000.0, 'price_nzd': 69.0}, {'size_grams': 1000.0, 'price_nzd': 69.0}, {'size_grams': 1000.0, 'price_nzd': 69.0}, {'size_grams': 1000.0, 'price_nzd': 69.0}, {'size_grams': 1000.0, 'price_nzd': 69.0}, {'size_grams': 1000.0, 'price_nzd': 69.0}, {'size_grams': 1000.0, 'price_nzd': 69.0}, {'size_grams': 3000.0, 'price_nzd': 197.5}]",unknown,unknown,unknown,False,,unknown
ozonecoffee.co.nz,6795925684397,Organic: Blend,"filter roast,espresso roast",organic-blend,https://ozonecoffee.co.nz/products/organic-blend,True,19.5,205.5,2026-08-18T01:15:09+12:00,2026-08-17T13:20:33+00:00,unknown,"[{'size_grams': 250.0, 'price_nzd': 19.5}, {'size_grams': 250.0, 'price_nzd': 19.5}, {'size_grams': 250.0, 'price_nzd': 19.5}, {'size_grams': 250.0, 'price_nzd': 19.5}, {'size_grams': 250.0, 'price_nzd': 19.5}, {'size_grams': 250.0, 'price_nzd': 19.5}, {'size_grams': 250.0, 'price_nzd': 19.5}, {'size_grams': 250.0, 'price_nzd': 19.5}, {'size_grams': 500.0, 'price_nzd': 38.5}, {'size_grams': 500.0, 'price_nzd': 38.5}, {'size_grams': 500.0, 'price_nzd': 38.5}, {'size_grams': 500.0, 'price_nzd': 38.5}, {'size_grams': 500.0, 'price_nzd': 38.5}, {'size_grams': 500.0, 'price_nzd': 38.5}, {'size_grams': 500.0, 'price_nzd': 38.5}, {'size_grams': 500.0, 'price_nzd': 38.5}, {'size_grams': 1000.0, 'price_nzd': 72.0}, {'size_grams': 1000.0, 'price_nzd': 72.0}, {'size_grams': 1000.0, 'price_nzd': 72.0}, {'size_grams': 1000.0, 'price_nzd': 72.0}, {'size_grams': 1000.0, 'price_nzd': 72.0}, {'size_grams': 1000.0, 'price_nzd': 72.0}, {'size_grams': 1000.0, 'price_nzd': 72.0}, {'size_grams': 1000.0, 'price_nzd': 72.0}, {'size_grams': 3000.0, 'price_nzd': 205.5}]","FARM, PROCESS (REGION) Colombia : Anei Cooperative, Washed (Sierra Nevada de Santa Marta) Guatemala: Guaya’B Cooperative, Washed (Huehuetenango) Mexico: FESICH Federation, Washed (Chiapas)",unknown,unknown,False,"TASTING NOTES There’s luscious blackcurrant with a fresh twist of lime zest alongside. Sweet tropical fruits and baking cocoa comes through as it cools for a juicy, sweet and well-balanced cup. COUNTRY: FARM, PROCESS (REGION) Colombia : Anei Cooperative, Washed (Sierra Nevada de Santa Marta) Guatemala: Guaya’B Cooperative, Washed (Huehuetenango) Mexico: FESICH Federation, Washed (Chiapas)",unknown
ozonecoffee.co.nz,8707067936999,Half Caff: Blend,"filter roast,espresso roast",half-caff-blend,https://ozonecoffee.co.nz/products/half-caff-blend,True,19.5,71.0,2026-08-18T01:15:09+12:00,2026-08-17T13:20:33+00:00,caturra,"[{'size_grams': 250.0, 'price_nzd': 19.5}, {'size_grams': 250.0, 'price_nzd': 19.5}, {'size_grams': 250.0, 'price_nzd': 19.5}, {'size_grams': 250.0, 'price_nzd': 19.5}, {'size_grams': 250.0, 'price_nzd': 19.5}, {'size_grams': 250.0, 'price_nzd': 19.5}, {'size_grams': 250.0, 'price_nzd': 19.5}, {'size_grams': 250.0, 'price_nzd': 19.5}, {'size_grams': 500.0, 'price_nzd': 37.5}, {'size_grams': 500.0, 'price_nzd': 37.5}, {'size_grams': 500.0, 'price_nzd': 37.5}, {'size_grams': 500.0, 'price_nzd': 37.5}, {'size_grams': 500.0, 'price_nzd': 37.5}, {'size_grams': 500.0, 'price_nzd': 37.5}, {'size_grams': 500.0, 'price_nzd': 37.5}, {'size_grams': 500.0, 'price_nzd': 37.5}, {'size_grams': 1000.0, 'price_nzd': 71.0}, {'size_grams': 1000.0, 'price_nzd': 71.0}, {'size_grams': 1000.0, 'price_nzd': 71.0}, {'size_grams': 1000.0, 'price_nzd': 71.0}, {'size_grams': 1000.0, 'price_nzd': 71.0}, {'size_grams': 1000.0, 'price_nzd': 71.0}, {'size_grams': 1000.0, 'price_nzd': 71.0}, {'size_grams': 1000.0, 'price_nzd': 71.0}]",unknown,unknown,unknown,True,"TASTING NOTES This sweet and gentle cup has an orange and honeycomb sweetness over a milk chocolate edge for a balanced and moreish blend. FARM INFO All the flavour – half the caffeine. Half Caff delivers a delicious and moreish cup made with a 50/50 blend to provide a half-caffeinated coffee. We use a quality decaffeinated specialty coffee that has been processed using the sugar cane method, preserving the original flavours of the coffee while adding fruity notes and some complexity to the cup. Region El Yalcon / Huila, Colombia San Patricio Estate / Palencia, Guatemala Process/Variety Washed Sugar Cane Decaffeinated / Caturra, Colombia Washed / Mixed varietals BREW GUIDE Espresso Recipe Dose: 18g Yield: 38g Time: 25-30 secs To find the method that suits your kit, check out our Brew Guides .",unknown
ozonecoffee.co.nz,9348867162343,TĀ MĀTOU RANUNGA Ā-WHARE,"filter roast,espresso roast",ta-matou-ranunga-a-whare,https://ozonecoffee.co.nz/products/ta-matou-ranunga-a-whare,True,19.0,69.0,2026-08-18T01:15:09+12:00,2026-08-17T13:20:33+00:00,unknown,"[{'size_grams': 250.0, 'price_nzd': 19.0}, {'size_grams': 250.0, 'price_nzd': 19.0}, {'size_grams': 250.0, 'price_nzd': 19.0}, {'size_grams': 250.0, 'price_nzd': 19.0}, {'size_grams': 250.0, 'price_nzd': 19.0}, {'size_grams': 250.0, 'price_nzd': 19.0}, {'size_grams': 250.0, 'price_nzd': 19.0}, {'size_grams': 250.0, 'price_nzd': 19.0}, {'size_grams': 500.0, 'price_nzd': 36.5}, {'size_grams': 500.0, 'price_nzd': 36.5}, {'size_grams': 500.0, 'price_nzd': 36.5}, {'size_grams': 500.0, 'price_nzd': 36.5}, {'size_grams': 500.0, 'price_nzd': 36.5}, {'size_grams': 500.0, 'price_nzd': 36.5}, {'size_grams': 500.0, 'price_nzd': 36.5}, {'size_grams': 500.0, 'price_nzd': 36.5}, {'size_grams': 1000.0, 'price_nzd': 69.0}, {'size_grams': 1000.0, 'price_nzd': 69.0}, {'size_grams': 1000.0, 'price_nzd': 69.0}, {'size_grams': 1000.0, 'price_nzd': 69.0}, {'size_grams': 1000.0, 'price_nzd': 69.0}, {'size_grams': 1000.0, 'price_nzd': 69.0}, {'size_grams': 1000.0, 'price_nzd': 69.0}, {'size_grams': 1000.0, 'price_nzd': 69.0}]",unknown,unknown,unknown,False,"TASTING NOTES Kikī katoa ana tēnei ranunga mōmona ki te miraka tiakarete, ki te hānati tōhi, ki te tōrino karamēra e whenumi ana, ka oti ki te hēre-reka.",unknown
ozonecoffee.co.nz,6795899994285,Seasonal: Blend,"filter roast,espresso roast",seasonal-blend,https://ozonecoffee.co.nz/products/seasonal-blend,True,19.0,197.5,2026-08-18T01:15:09+12:00,2026-08-17T13:20:33+00:00,unknown,"[{'size_grams': 250.0, 'price_nzd': 19.0}, {'size_grams': 250.0, 'price_nzd': 19.0}, {'size_grams': 250.0, 'price_nzd': 19.0}, {'size_grams': 250.0, 'price_nzd': 19.0}, {'size_grams': 250.0, 'price_nzd': 19.0}, {'size_grams': 250.0, 'price_nzd': 19.0}, {'size_grams': 250.0, 'price_nzd': 19.0}, {'size_grams': 250.0, 'price_nzd': 19.0}, {'size_grams': 500.0, 'price_nzd': 36.5}, {'size_grams': 500.0, 'price_nzd': 36.5}, {'size_grams': 500.0, 'price_nzd': 36.5}, {'size_grams': 500.0, 'price_nzd': 36.5}, {'size_grams': 500.0, 'price_nzd': 36.5}, {'size_grams': 500.0, 'price_nzd': 36.5}, {'size_grams': 500.0, 'price_nzd': 36.5}, {'size_grams': 500.0, 'price_nzd': 36.5}, {'size_grams': 1000.0, 'price_nzd': 69.0}, {'size_grams': 1000.0, 'price_nzd': 69.0}, {'size_grams': 1000.0, 'price_nzd': 69.0}, {'size_grams': 1000.0, 'price_nzd': 69.0}, {'size_grams': 1000.0, 'price_nzd': 69.0}, {'size_grams': 1000.0, 'price_nzd': 69.0}, {'size_grams': 1000.0, 'price_nzd': 69.0}, {'size_grams': 1000.0, 'price_nzd': 69.0}, {'size_grams': 3000.0, 'price_nzd': 197.5}]","FARM, PROCESS Brazil: Matas de Minas Pulped Natural Nicaragua: La Escondida Washed",unknown,unknown,False,"TASTING NOTES Juicy watermelon and bright lime upfront, layered with a sweet orange twist and a lush, syrupy body that lingers on the palate. Enjoy it hot for depth or iced for a vibrant, refreshing brew! VARIETY - COUNTRY: FARM, PROCESS Brazil: Matas de Minas Pulped Natural Nicaragua: La Escondida Washed",unknown
ozonecoffee.co.nz,6795910250669,Decaf,"filter roast,espresso roast",decaf,https://ozonecoffee.co.nz/products/decaf,True,19.5,210.0,2026-08-18T01:15:09+12:00,2026-08-17T13:20:33+00:00,"castillo,caturra","[{'size_grams': 250.0, 'price_nzd': 19.5}, {'size_grams': 250.0, 'price_nzd': 19.5}, {'size_grams': 250.0, 'price_nzd': 19.5}, {'size_grams': 250.0, 'price_nzd': 19.5}, {'size_grams': 250.0, 'price_nzd': 19.5}, {'size_grams': 250.0, 'price_nzd': 19.5}, {'size_grams': 250.0, 'price_nzd': 19.5}, {'size_grams': 250.0, 'price_nzd': 19.5}, {'size_grams': 500.0, 'price_nzd': 37.5}, {'size_grams': 500.0, 'price_nzd': 37.5}, {'size_grams': 500.0, 'price_nzd': 37.5}, {'size_grams': 500.0, 'price_nzd': 37.5}, {'size_grams': 500.0, 'price_nzd': 37.5}, {'size_grams': 500.0, 'price_nzd': 37.5}, {'size_grams': 500.0, 'price_nzd': 37.5}, {'size_grams': 500.0, 'price_nzd': 37.5}, {'size_grams': 1000.0, 'price_nzd': 71.0}, {'size_grams': 1000.0, 'price_nzd': 71.0}, {'size_grams': 1000.0, 'price_nzd': 71.0}, {'size_grams': 1000.0, 'price_nzd': 71.0}, {'size_grams': 1000.0, 'price_nzd': 71.0}, {'size_grams': 1000.0, 'price_nzd': 71.0}, {'size_grams': 1000.0, 'price_nzd': 71.0}, {'size_grams': 1000.0, 'price_nzd': 71.0}, {'size_grams': 3000.0, 'price_nzd': 210.0}]",unknown,"75 medium scale coffee producers Variety: Caturra, Castillo and Colombia","Washed, Swiss Water Decaffeination Altitude: 1,500-2,070masl",True,"Tasting Notes Juicy mandarin and ripe red berry notes shine on a base of milk chocolate, caramelised apricot and a syrupy body Farm Info Popayán, situated in the department of Cauca at an elevation of 1,700 m.a.s.l., benefits from an ideal topography for cultivating exceptional coffee. Popayán is sheltered by the Andes mountain range, creating consistent climatic and altitudinal conditions. These factors contribute to the development of coffee beans with sweet and citrus profiles. Our supply partners have worked closely with approximately 75 growers who have contributed to this program and with whom they have established long-term relationships. Through this program, farmers are incentivized to prioritize quality, and based on assessments, offer premiums of up to 20% above market prices Following the careful selection of coffee cherries, these are then de-pulped and thoroughly washed to completely remove the mucilage. Afterwards, the coffee is spread out on raised beds for 5-7 days until reaching the ideal moisture content. This method ensures the preservation of the coffee's unique flavours and characteristics. Popayán Decaf is decaffeinated by the natural Sugar Cane process at the Descafecol plant at country of origin, in Manizales, Colombia, ensuring the coffee doesn’t travel further than necessary to reduce the carbon footprint impact and support a vertical supply chain without the extra costs and food miles of shipping the coffee to decaffeination plants in Mexico, Canada or Germany, and the profits stay within the country of origin. This involves the coffee been immersed in water with a natural occurring ester from sugar cane which extracts the caffeine from the green coffee. This process avoids excessive temperatures seen in other decaffeination processes and leaves a coffee with its inherent attributes intact and roasts and tastes much more like the original caffeinated coffee. Region: Popayán, Cauca Producer: 75 medium scale coffee producers Variety: Caturra, Castillo and Colombia Process: Washed, Swiss Water Decaffeination Altitude: 1,500-2,070masl",unknown
ozonecoffee.co.nz,7453430939879,Seasonal Selection Box,"filter roast,espresso roast",seasonal-coffee-selection-box,https://ozonecoffee.co.nz/products/seasonal-coffee-selection-box,True,56.0,56.0,2026-08-18T01:15:09+12:00,2026-08-17T13:20:33+00:00,unknown,"[{'size_grams': 250.0, 'price_nzd': 56.0}, {'size_grams': 250.0, 'price_nzd': 56.0}, {'size_grams': 250.0, 'price_nzd': 56.0}, {'size_grams': 250.0, 'price_nzd': 56.0}, {'size_grams': 250.0, 'price_nzd': 56.0}, {'size_grams': 250.0, 'price_nzd': 56.0}, {'size_grams': 250.0, 'price_nzd': 56.0}, {'size_grams': 250.0, 'price_nzd': 56.0}]",unknown,unknown,unknown,False,"(250g)PRODUCT INFO An assorted selection of 4 seasonal coffees, freshly roasted for every order. Containing 4 x bags of 250g, this box showcases some of the most delicious specialty coffees from around the world, handpicked directly by us. Perfect when you don't know what coffee to choose, this selection box also makes a great gift. Select from whole beans or ground. WHAT'S IN THE BOX? The Seasonal Coffee Selection Box currently contains: 1 x Costa Rica Don Joel Honey (250g) 1 x Colombia Popayan Washed (250g) 1 x Ethiopia Tokuma Natural (250g) 1 x Brazil Inglaterra Natural (250g)",unknown
ozonecoffee.co.nz,9557374730471,Popayán,"filter roast,espresso roast",popayan,https://ozonecoffee.co.nz/products/popayan,True,20.0,80.0,2026-08-18T01:15:09+12:00,2026-08-17T13:20:33+00:00,"castillo,caturra,typica","[{'size_grams': 250.0, 'price_nzd': 20.0}, {'size_grams': 250.0, 'price_nzd': 20.0}, {'size_grams': 250.0, 'price_nzd': 20.0}, {'size_grams': 250.0, 'price_nzd': 20.0}, {'size_grams': 250.0, 'price_nzd': 20.0}, {'size_grams': 250.0, 'price_nzd': 20.0}, {'size_grams': 250.0, 'price_nzd': 20.0}, {'size_grams': 250.0, 'price_nzd': 20.0}, {'size_grams': 500.0, 'price_nzd': 40.0}, {'size_grams': 500.0, 'price_nzd': 40.0}, {'size_grams': 500.0, 'price_nzd': 40.0}, {'size_grams': 500.0, 'price_nzd': 40.0}, {'size_grams': 500.0, 'price_nzd': 40.0}, {'size_grams': 500.0, 'price_nzd': 40.0}, {'size_grams': 500.0, 'price_nzd': 40.0}, {'size_grams': 500.0, 'price_nzd': 40.0}, {'size_grams': 1000.0, 'price_nzd': 80.0}, {'size_grams': 1000.0, 'price_nzd': 80.0}, {'size_grams': 1000.0, 'price_nzd': 80.0}, {'size_grams': 1000.0, 'price_nzd': 80.0}, {'size_grams': 1000.0, 'price_nzd': 80.0}, {'size_grams': 1000.0, 'price_nzd': 80.0}, {'size_grams': 1000.0, 'price_nzd': 80.0}, {'size_grams': 1000.0, 'price_nzd': 80.0}]","Colombia Department: Cauca Town: Popayán Varieties: Colombia, Castillo, Caturra, Catimor and Typica Processing Method: Washed Crop Year: 2025 No",unknown,unknown,False,"Juicy flavours of tangerine and stone-fruits combine with caramel and a hint of cacao nibs, with sugar cane in the finish. Located in the Cauca department of southwestern Colombia, the Meseta de Popayán sits nestled between the Western and Central ranges of the Andes at 1,700 to 2,000 metres above sea level. The surrounding mountain ranges act as a natural buffer – keeping temperatures steady between 14 and 29°C year-round, humidity around 75%, and creating a gradual growing season that allows sugars to build slowly and thoroughly. The result is a coffee that's bright and clean, with that signature Cauca sweetness baked in. This coffee comes to us through Cofinet, a Colombian importer who've been running the Popayán Reserve project since 2015. They work closely with around 75 smallholder farmers in the region, most growing on plots of less than five hectares. Cherries are milled at Cofinet's Meseta de Popayán facility, where processing and quality control are handled centrally. In return, farmers can earn premiums of up to 20% above market price – tied directly to cup quality, so the incentive to bring in the best cherries runs deep. Cofinet also sends agronomists to work with individual producers directly, and invites farmers to cup their own coffees. The latter might sound like an obvious step, but producers delivering to mills often never taste their own work. These cuppings change that. The varieties here – Colombia, Castillo, Caturra, Catimor, and Typica – tell a distinctly Colombian story. Castillo and the Colombia variety are sometimes met with a raised eyebrow in specialty circles; both are rust-resistant hybrids developed by Cenicafé, Colombia's national coffee research centre, and have historically been associated with commodity rather than specialty production. Grown at this altitude, and with this level of care behind them, that reputation doesn't hold. Caturra and Typica contribute brightness and clarity; Castillo and the Colombia variety add body and structure. Together, they make a cup that's more interesting than any one of them would be alone. A washed process keeps things clean and transparent, letting the terroir speak clearly. One small thing worth knowing: Cauca experiences drier conditions in the middle of the year and more rainfall at the start and end. Since coffee is harvested throughout the year across the region, there can be minor variations in moisture content in the green coffee between lots. Nothing that affects the cup meaningfully – but worth a mention if you're a bit of a coffee nerd about these things. Country: Colombia Department: Cauca Town: Popayán Varieties: Colombia, Castillo, Caturra, Catimor and Typica Processing Method: Washed Crop Year: 2025 No. of contributing producers: ~75 smallholders Average farm size: Under 5 hectares Altitude: 1,700 - 2,000 metres above sea level Mill: Meseta de Popayán",unknown
ozonecoffee.co.nz,9364337426663,Tokuma Natural,"filter roast,espresso roast",tokuma-natural,https://ozonecoffee.co.nz/products/tokuma-natural,True,19.5,78.0,2026-08-18T01:15:09+12:00,2026-08-17T13:20:33+00:00,unknown,"[{'size_grams': 250.0, 'price_nzd': 19.5}, {'size_grams': 250.0, 'price_nzd': 19.5}, {'size_grams': 250.0, 'price_nzd': 19.5}, {'size_grams': 250.0, 'price_nzd': 19.5}, {'size_grams': 250.0, 'price_nzd': 19.5}, {'size_grams': 250.0, 'price_nzd': 19.5}, {'size_grams': 250.0, 'price_nzd': 19.5}, {'size_grams': 250.0, 'price_nzd': 19.5}, {'size_grams': 500.0, 'price_nzd': 39.0}, {'size_grams': 500.0, 'price_nzd': 39.0}, {'size_grams': 500.0, 'price_nzd': 39.0}, {'size_grams': 500.0, 'price_nzd': 39.0}, {'size_grams': 500.0, 'price_nzd': 39.0}, {'size_grams': 500.0, 'price_nzd': 39.0}, {'size_grams': 500.0, 'price_nzd': 39.0}, {'size_grams': 500.0, 'price_nzd': 39.0}, {'size_grams': 1000.0, 'price_nzd': 78.0}, {'size_grams': 1000.0, 'price_nzd': 78.0}, {'size_grams': 1000.0, 'price_nzd': 78.0}, {'size_grams': 1000.0, 'price_nzd': 78.0}, {'size_grams': 1000.0, 'price_nzd': 78.0}, {'size_grams': 1000.0, 'price_nzd': 78.0}, {'size_grams': 1000.0, 'price_nzd': 78.0}, {'size_grams': 1000.0, 'price_nzd': 78.0}]",Ethiopia Region: Oromia Zone: Jimma Woreda: Gomma Collective: Tokuma Farmer Group Varietals: JARC 74110 & JARC 74112,level identity,"Natural Producers: Mensur Abahika, Mohammad Aba Nura, Nesru Aba Nura & Biya Faris Altitude: 1,950 - 2,150 m",False,"TASTING NOTES Vivid notes of berry jam, black cherry, and apricot, complemented by a complex finish of dark cocoa and vanilla, all wrapped in a rich, full-bodied mouthfeel. FARM INFO The Tokuma Group Blend represents the shared work of a remarkable circle of smallholder farmers in Western Ethiopia’s Agaro region. The Tokuma producers first came together informally to exchange agronomy practices and support each other in marketing coffee. Today, they have grown into a formal collective, united by their commitment to quality, innovation, and transparency. This blend is composed of lots from multiple Tokuma members: Mensur Abahika, Nesru Aba Nura, Mohammed Aba Nura, and Biya Faris. Each farmer carefully manages cultivation and processing on their own land, ensuring excellent traceability. Coffees are dried slowly on raised beds for around three weeks, yielding sweetness, clarity, and expressive fruit character. The emergence of Tokuma reflects a broader shift in Ethiopian coffee. Regulatory changes have allowed more producers to obtain export licenses and sell directly, bypassing the traditional ECX system that once blurred farm-level identity. Tokuma farmers have seized this opportunity, highlighting the unique character of their coffees while securing better compensation for their work. Country: Ethiopia Region: Oromia Zone: Jimma Woreda: Gomma Collective: Tokuma Farmer Group Varietals: JARC 74110 & JARC 74112 Processing: Natural Producers: Mensur Abahika, Mohammad Aba Nura, Nesru Aba Nura & Biya Faris Altitude: 1,950 - 2,150 m.a.s.l.",unknown
ozonecoffee.co.nz,6795943510189,Nova Alianca,"filter roast,espresso roast",nova-alianca-natural,https://ozonecoffee.co.nz/products/nova-alianca-natural,True,20.0,80.0,2026-08-18T01:15:09+12:00,2026-08-17T13:20:33+00:00,catuai,"[{'size_grams': 250.0, 'price_nzd': 20.0}, {'size_grams': 250.0, 'price_nzd': 20.0}, {'size_grams': 250.0, 'price_nzd': 20.0}, {'size_grams': 250.0, 'price_nzd': 20.0}, {'size_grams': 250.0, 'price_nzd': 20.0}, {'size_grams': 250.0, 'price_nzd': 20.0}, {'size_grams': 250.0, 'price_nzd': 20.0}, {'size_grams': 250.0, 'price_nzd': 20.0}, {'size_grams': 500.0, 'price_nzd': 40.0}, {'size_grams': 500.0, 'price_nzd': 40.0}, {'size_grams': 500.0, 'price_nzd': 40.0}, {'size_grams': 500.0, 'price_nzd': 40.0}, {'size_grams': 500.0, 'price_nzd': 40.0}, {'size_grams': 500.0, 'price_nzd': 40.0}, {'size_grams': 500.0, 'price_nzd': 40.0}, {'size_grams': 500.0, 'price_nzd': 40.0}, {'size_grams': 1000.0, 'price_nzd': 80.0}, {'size_grams': 1000.0, 'price_nzd': 80.0}, {'size_grams': 1000.0, 'price_nzd': 80.0}, {'size_grams': 1000.0, 'price_nzd': 80.0}, {'size_grams': 1000.0, 'price_nzd': 80.0}, {'size_grams': 1000.0, 'price_nzd': 80.0}, {'size_grams': 1000.0, 'price_nzd': 80.0}, {'size_grams': 1000.0, 'price_nzd': 80.0}]",unknown,"Flavio & Juliana Paulino de Costa Variety: Mundo Novo, Yellow Catuai, Yellow Catucai","Natural Altitude: 1,000 – 1,100 masl Harvest: June - July 2024 BREW GUIDE ESPRESSO RECIPE Dose: 20",False,"TASTING NOTES Processed in the Natural method, the attention to detail is evident in the clean, rounded, chocolate, caramel and nut forward flavour profile, which we’re delighted to say continues to improve year on year. FARM INFO Juliana Paulino de Costa is the 5th generation of her family to be involved in coffee production and is married to Flavio, a superb agronomist who we were fortunate to meet through his work with other farms we purchased from. We were very excited to be able get coffee from their farm, Fazenda Nova Aliança, located in the well renowned coffee growing region of Minas Gerais, Brazil. Region: Monte Santo de Minas, Minas Gerais Producer : Flavio & Juliana Paulino de Costa Variety: Mundo Novo, Yellow Catuai, Yellow Catucai Process: Natural Altitude: 1,000 – 1,100 masl Harvest: June - July 2024 BREW GUIDE ESPRESSO RECIPE Dose: 20.5g Yield: 45g Time: 25 secs FILTER RECIPE Method: V60 Dose: 16g Water: 250ml Time: 2:15 mins To find the method that suits your kit, check out our Brew Guides .",unknown
ozonecoffee.co.nz,6897724031149,SINGLE ORIGIN COLD BREW CONCENTRATE,espresso roast,cold-brew-concentrate,https://ozonecoffee.co.nz/products/cold-brew-concentrate,True,122.0,122.0,2026-08-18T01:15:09+12:00,2026-08-17T13:20:33+00:00,unknown,[],unknown,unknown,unknown,False,"Cherry and brown sugar start things off, with a delightful silky texture. The cherry morphs into apple and honey as it finishes. As it cools, dried apple and candied pecans add yet another layer to this well balanced but nuanced cup. Hot brewed through a proprietary process to maximise yield and create the best flavour without compromising quality, then concentrated, pasteurised and cooled. Each box contains the equivalent of 80 double espresso strength servings. FARM INFO",unknown
ozonecoffee.co.nz,9450915135719,Pedro Flores,"filter roast,espresso roast",pedro-flores,https://ozonecoffee.co.nz/products/pedro-flores,True,26.0,104.0,2026-08-18T01:15:09+12:00,2026-08-17T13:20:33+00:00,"caturra,catuai","[{'size_grams': 250.0, 'price_nzd': 26.0}, {'size_grams': 250.0, 'price_nzd': 26.0}, {'size_grams': 250.0, 'price_nzd': 26.0}, {'size_grams': 250.0, 'price_nzd': 26.0}, {'size_grams': 250.0, 'price_nzd': 26.0}, {'size_grams': 250.0, 'price_nzd': 26.0}, {'size_grams': 250.0, 'price_nzd': 26.0}, {'size_grams': 250.0, 'price_nzd': 26.0}, {'size_grams': 500.0, 'price_nzd': 52.0}, {'size_grams': 500.0, 'price_nzd': 52.0}, {'size_grams': 500.0, 'price_nzd': 52.0}, {'size_grams': 500.0, 'price_nzd': 52.0}, {'size_grams': 500.0, 'price_nzd': 52.0}, {'size_grams': 500.0, 'price_nzd': 52.0}, {'size_grams': 500.0, 'price_nzd': 52.0}, {'size_grams': 500.0, 'price_nzd': 52.0}, {'size_grams': 1000.0, 'price_nzd': 104.0}, {'size_grams': 1000.0, 'price_nzd': 104.0}, {'size_grams': 1000.0, 'price_nzd': 104.0}, {'size_grams': 1000.0, 'price_nzd': 104.0}, {'size_grams': 1000.0, 'price_nzd': 104.0}, {'size_grams': 1000.0, 'price_nzd': 104.0}, {'size_grams': 1000.0, 'price_nzd': 104.0}, {'size_grams': 1000.0, 'price_nzd': 104.0}]",Bolivia Region: Yungas Municipality: Caranavi Town: Copacabana,"Villa Rosario Altitude: 1,500 m",Mosto Washed,False,"TASTING NOTE This complex, elegant but juicy cup starts with cherry cordial before a burst of white grape and then a squeeze of tangerine. FARM INFO Pedro Flores’ farm is in the small colonia of Villa Rosario, a short drive east of Caranavi. He’s part of the Sol De La Mañana project, run by the Rodriguez family, that provides training in coffee agronomy to small producers. Through this, he’s learnt to replant his land and manage his coffee plants more methodically to get both quality and consistency. To ensure only the very ripest coffee cherries are picked, it's not uncommon for producers in the Sol De La Mañana program to do 7 or 8 harvesting passes across their plants, many more than producers in other parts of the world do. This is very labour intensive and yields smaller amounts each pass, but ensures great quality. The downside is that for each delivery of cherries from the Sol De La Mañana producers in Bolinda, the lots are often too tiny to process separately and so instead, deliveries from all the producers are combined and processed together. You may notice a part of the processing method of this coffee you haven't come across before, Mosto, and we wanted to take a moment to explain just what that means. Mosto is a Spanish word which describes fresh fruit juices - particularly before they are fermented. The same root gives the English word for this, used in wine-making - a Must. In the case of this coffee, it means: You start with two batches of coffee. The first batch of coffee (a regular washed coffee) is depulped, fermented in a closed tank, rinsed and taken to the beds to dry. The liquids - the Mosto - from that first fermentation are saved, with the pH and microbial levels monitored and managed. Batch 2 (this will be the Mosto Washed) is depulped and the Mosto is added to the coffee. Once the fermentation breaks down any remaining pulp, the coffee is rinsed and dried. Using these fresh, already fermenting juices gives the process a kick start which seems to help develop the complex, juicy flavours in these coffees. Country: Bolivia Region: Yungas Municipality: Caranavi Town: Copacabana Farm: Villa Rosario Altitude: 1,500 m.a.s.l. Farm size: 2 hectares Producer: Pedro Flores Varietal: Caturra & Catuai Processing: Mosto Washed",unknown
ozonecoffee.co.nz,9149442851047,"Don Joel, Finca Carmela","filter roast,espresso roast",don-joel-finca-carmela,https://ozonecoffee.co.nz/products/don-joel-finca-carmela,True,26.0,104.0,2026-08-18T01:15:09+12:00,2026-08-17T13:20:33+00:00,unknown,"[{'size_grams': 250.0, 'price_nzd': 26.0}, {'size_grams': 250.0, 'price_nzd': 26.0}, {'size_grams': 250.0, 'price_nzd': 26.0}, {'size_grams': 250.0, 'price_nzd': 26.0}, {'size_grams': 250.0, 'price_nzd': 26.0}, {'size_grams': 250.0, 'price_nzd': 26.0}, {'size_grams': 250.0, 'price_nzd': 26.0}, {'size_grams': 250.0, 'price_nzd': 26.0}, {'size_grams': 500.0, 'price_nzd': 52.0}, {'size_grams': 500.0, 'price_nzd': 52.0}, {'size_grams': 500.0, 'price_nzd': 52.0}, {'size_grams': 500.0, 'price_nzd': 52.0}, {'size_grams': 500.0, 'price_nzd': 52.0}, {'size_grams': 500.0, 'price_nzd': 52.0}, {'size_grams': 500.0, 'price_nzd': 52.0}, {'size_grams': 500.0, 'price_nzd': 52.0}, {'size_grams': 1000.0, 'price_nzd': 104.0}, {'size_grams': 1000.0, 'price_nzd': 104.0}, {'size_grams': 1000.0, 'price_nzd': 104.0}, {'size_grams': 1000.0, 'price_nzd': 104.0}, {'size_grams': 1000.0, 'price_nzd': 104.0}, {'size_grams': 1000.0, 'price_nzd': 104.0}, {'size_grams': 1000.0, 'price_nzd': 104.0}, {'size_grams': 1000.0, 'price_nzd': 104.0}]",Costa Rica Region: Western Valley Province: Alajuela,Finca Carmela Micromill: Don Joel,unknown,False,"TASTING NOTE Full of fruit sweetness, this coffee starts with lemon and lime before a soft mashup of orange and tinned peaches rolls in. FARM INFO This is our seventh year buying from the folks at Finca Carmela. The 3-hectare farm is owned by Allan Oviedo Rodriguez and his family, along with the neighbouring Finca La Cumbre, and the Don Joel micro mill which services the processing needs of both farms (along with occasional small lots for their neighbours when there's space as they've got a good reputation for it). Finca Carmela is located right on the border between the Central and Western Valleys, in the Alajuela province of Costa Rica. Situated around 1600 metres above sea level, the farm is just a short 5 minute drive away from their first farm La Cumbre on the other side of the hill. Allan has been producing coffee in the area for 18 years; he grew up in a coffee family and learnt the traditional producing methods alongside his father (Don Joel) and brothers. It was during these early years that he saw the difficulties that came with making a living as a coffee farmer, such as poor returns for what is a very demanding job, and the ever-increasing cost of living. Country: Costa Rica Region: Western Valley Province: Alajuela Farm: Finca Carmela Micromill: Don Joel Producer: Allan Oviedo Rodriguez Elevation: 1,600 m.a.s.l. Processing method: Yellow Honey Varietal: Villa Sarchi BREW GUIDE FILTER RECIPE Suggested method: V60 Dose: 15g Water: 250g Time: 3 mins ESPRESSO RECIPE Dose: 20g Yield: 49g Time: 26 secs To find the method that suits your kit, check out our Brew Guides .",unknown
ozonecoffee.co.nz,9655978066151,Las Alasitas,"filter roast,espresso roast",las-alasitas,https://ozonecoffee.co.nz/products/las-alasitas,True,26.0,104.0,2026-08-18T01:15:09+12:00,2026-08-17T13:20:33+00:00,"caturra,bourbon,geisha,java","[{'size_grams': 250.0, 'price_nzd': 26.0}, {'size_grams': 250.0, 'price_nzd': 26.0}, {'size_grams': 250.0, 'price_nzd': 26.0}, {'size_grams': 250.0, 'price_nzd': 26.0}, {'size_grams': 250.0, 'price_nzd': 26.0}, {'size_grams': 250.0, 'price_nzd': 26.0}, {'size_grams': 250.0, 'price_nzd': 26.0}, {'size_grams': 250.0, 'price_nzd': 26.0}, {'size_grams': 500.0, 'price_nzd': 52.0}, {'size_grams': 500.0, 'price_nzd': 52.0}, {'size_grams': 500.0, 'price_nzd': 52.0}, {'size_grams': 500.0, 'price_nzd': 52.0}, {'size_grams': 500.0, 'price_nzd': 52.0}, {'size_grams': 500.0, 'price_nzd': 52.0}, {'size_grams': 500.0, 'price_nzd': 52.0}, {'size_grams': 500.0, 'price_nzd': 52.0}, {'size_grams': 1000.0, 'price_nzd': 104.0}, {'size_grams': 1000.0, 'price_nzd': 104.0}, {'size_grams': 1000.0, 'price_nzd': 104.0}, {'size_grams': 1000.0, 'price_nzd': 104.0}, {'size_grams': 1000.0, 'price_nzd': 104.0}, {'size_grams': 1000.0, 'price_nzd': 104.0}, {'size_grams': 1000.0, 'price_nzd': 104.0}, {'size_grams': 1000.0, 'price_nzd': 104.0}]",Bolivia Region: Yungas Province: Caranavi Colony: Bolinda,Las Alasitas Producers: Fincas Los Rodriguez Processing Method: Washed Varietal: Yellow Caturra,unknown,False,"TASTING NOTE This complex, elegant but juicy cup starts with cherry cordial before a burst of white grape and then a squeeze of tangerine. FARM INFO Named after the annual festival celebrating wishes and abundance, Bolivia Las Alasitas is a coffee built on vision and possibility. ""Las Alasitas"" translates to ""buy me"" in Aymara, and during the festival – which kicks off each year on 24th January in La Paz – locals purchase miniature figurines representing their hopes for the coming year. Everything from tiny cars to miniature coffee sacks are blessed by yatiris (traditional healers) and Catholic priests alike, then given to friends and family in the belief that recipients will receive the real thing before the year is out. At the heart of it all sits Ekeko, the Aymara god of abundance – a chubby, moustachioed figure laden with baskets and bags, who watches over Bolivian households and rewards generosity. It's a fitting name for a farm where the Rodríguez family continue to plant seeds – both literally and figuratively – for the future of Bolivian coffee. This full-bodied washed coffee delivers a beautifully rich texture that carries flavours of marzipan and brown sugar, with a gentle hint of milk chocolate that deepens into dark chocolate on the aftertaste. The Yellow Caturra variety – a compact, golden-fruited mutation of Bourbon first selected in Brazil – tends toward tropical fruit sweetness at altitude. Here, though, the family's anaerobic washed processing tempers that brightness into something rounder and more confectionery. Grown at 1,642 metres above sea level in Bolinda – a steep, green valley whose name is a contraction of ""Bolivia Linda"" (Beautiful Bolivia) – Las Alasitas benefits from cool nights and mild days that slow the ripening of cherries. This extended maturation allows sugars to concentrate and complexity to build, resulting in a cup that rewards those who appreciate the finer details of speciality coffee. After selective hand-picking, cherries are delivered to Agricafe's Buena Vista mill in Caranavi, where they undergo flotation sorting before depulping. From there, wet parchment is placed in sealed stainless steel fermentation tanks – the same kind you'd find in a winery – where onsite oenologist Iván Hugas has prepared what the family call mosto: a carefully calibrated solution of harvested yeasts and bacteria that catalyses a controlled anaerobic fermentation. The tanks are closely monitored throughout, with the coffee removed after around 48 hours once the desired fermentation is complete. The parchment is then pressure-washed clean and dried – either on raised beds or in the family's signature ""coco"" dryers (gentle-heat box dryers Pedro discovered during his time in peanut production), depending on humidity. Finally, it rests at La Luna, the family's state-of-the-art dry mill in La Paz, before export. First planted in 2014, Las Alasitas was Agricafe's first step into farming – part of an ambitious project to revive Bolivia's declining coffee industry. Pedro Rodríguez swapped his accountant's suit for agriculture three decades ago, and the family had been sourcing coffee from small producers in Caranavi and Samaipata ever since. But watching production decline put the sustainability of their business at risk. In response, they bought land to showcase modern practices and establish model farms that other producers could learn from. Las Alasitas is now home to Agricafe's variety nursery, where agronomists cultivate seedlings of prized varietals like Geisha, Java, and San Bernardo to share with local farmers. At the top of the farm sits La Casita – a small house where the family welcome guests to enjoy the sweeping views over the valley at sunrise and sunset, coffee in hand. Through their Sol de la Mañana programme, the Rodríguez family empowers local farmers with training and skills to improve quality and yields – helping ensure the future of Bolivian coffee doesn't rest on their shoulders alone. We're proud to support their work. Country: Bolivia Region: Yungas Province: Caranavi Colony: Bolinda Farm: Las Alasitas Producers: Fincas Los Rodriguez Processing Method: Washed Varietal: Yellow Caturra",unknown
ozonecoffee.co.nz,9656041472231,"Cachoeira da Grama, Yellow Bourbon","filter roast,espresso roast",cachoeira-da-grama-yellow-bourbon,https://ozonecoffee.co.nz/products/cachoeira-da-grama-yellow-bourbon,True,25.0,100.0,2026-08-18T01:15:09+12:00,2026-08-17T13:20:33+00:00,bourbon,"[{'size_grams': 250.0, 'price_nzd': 25.0}, {'size_grams': 250.0, 'price_nzd': 25.0}, {'size_grams': 250.0, 'price_nzd': 25.0}, {'size_grams': 250.0, 'price_nzd': 25.0}, {'size_grams': 250.0, 'price_nzd': 25.0}, {'size_grams': 250.0, 'price_nzd': 25.0}, {'size_grams': 250.0, 'price_nzd': 25.0}, {'size_grams': 250.0, 'price_nzd': 25.0}, {'size_grams': 500.0, 'price_nzd': 50.0}, {'size_grams': 500.0, 'price_nzd': 50.0}, {'size_grams': 500.0, 'price_nzd': 50.0}, {'size_grams': 500.0, 'price_nzd': 50.0}, {'size_grams': 500.0, 'price_nzd': 50.0}, {'size_grams': 500.0, 'price_nzd': 50.0}, {'size_grams': 500.0, 'price_nzd': 50.0}, {'size_grams': 500.0, 'price_nzd': 50.0}, {'size_grams': 1000.0, 'price_nzd': 100.0}, {'size_grams': 1000.0, 'price_nzd': 100.0}, {'size_grams': 1000.0, 'price_nzd': 100.0}, {'size_grams': 1000.0, 'price_nzd': 100.0}, {'size_grams': 1000.0, 'price_nzd': 100.0}, {'size_grams': 1000.0, 'price_nzd': 100.0}, {'size_grams': 1000.0, 'price_nzd': 100.0}, {'size_grams': 1000.0, 'price_nzd': 100.0}]","Brazil State: São Paulo Area: Vale da Grama, Mogiana",Cachoeira da Grama,Pulped Natural Varietal: Yellow Bourbon,False,"TASTING NOTES Roasted hazelnuts dipped in sticky toffee fill the cup, before shifting into dark chocolate on the finish and walnut on the aftertaste for a sweet, smooth, easy drinking coffee. FARM INFO Fazenda Cachoeira da Grama, owned by the Carvalho Dias family since 1890, is a renowned coffee farm located in the Sul de Minas mesoregion of Brazil. For over 20 years, we've been very proudly buying coffee from this farm. Since Bourbon Specialty Coffees joined the management in 2016, it has become a hub for coffee variety research and innovative processing techniques. The farm is nestled just north of the Minas Gerais border and borders Alta Mogiana in São Paulo. Its mountainous terrain, which ranges from 1,100 to 1,300 meters above sea level, provides ideal conditions for growing high-quality coffee. The unique topography and volcanic soil, combined with cooler temperatures, contribute to the distinctive flavour profile of their coffee. Spanning 417 hectares, with 64 hectares dedicated to coffee, Fazenda Cachoeira da Grama places a strong emphasis on environmental sustainability. Native species are planted alongside coffee crops to support biodiversity. The farm also provides modern amenities for its workers, including a school, club, football field, and 47 houses. Investments in coffee processing facilities, wastewater treatment, and a small hydroelectric plant further demonstrate their commitment to sustainability. The Carvalho Dias family's dedication to land preservation and community support has enabled them to produce consistently excellent coffee, making Fazenda Cachoeira da Grama a standout in the global coffee community. Country: Brazil State: São Paulo Area: Vale da Grama, Mogiana Farm: Cachoeira da Grama Producer: Gabriel Carvalho Dias Altitude: 1,100–1,250 m.a.s.l. Farm size: 417 hectares Coffee growing area: 64 hectares Processing: Pulped Natural Varietal: Yellow Bourbon",unknown
ozonecoffee.co.nz,9656078368999,Inglaterra,"filter roast,espresso roast",inglaterra,https://ozonecoffee.co.nz/products/inglaterra,True,25.0,100.0,2026-08-18T01:15:09+12:00,2026-08-17T13:20:33+00:00,"catuai,bourbon","[{'size_grams': 250.0, 'price_nzd': 25.0}, {'size_grams': 250.0, 'price_nzd': 25.0}, {'size_grams': 250.0, 'price_nzd': 25.0}, {'size_grams': 250.0, 'price_nzd': 25.0}, {'size_grams': 250.0, 'price_nzd': 25.0}, {'size_grams': 250.0, 'price_nzd': 25.0}, {'size_grams': 250.0, 'price_nzd': 25.0}, {'size_grams': 250.0, 'price_nzd': 25.0}, {'size_grams': 500.0, 'price_nzd': 50.0}, {'size_grams': 500.0, 'price_nzd': 50.0}, {'size_grams': 500.0, 'price_nzd': 50.0}, {'size_grams': 500.0, 'price_nzd': 50.0}, {'size_grams': 500.0, 'price_nzd': 50.0}, {'size_grams': 500.0, 'price_nzd': 50.0}, {'size_grams': 500.0, 'price_nzd': 50.0}, {'size_grams': 500.0, 'price_nzd': 50.0}, {'size_grams': 1000.0, 'price_nzd': 100.0}, {'size_grams': 1000.0, 'price_nzd': 100.0}, {'size_grams': 1000.0, 'price_nzd': 100.0}, {'size_grams': 1000.0, 'price_nzd': 100.0}, {'size_grams': 1000.0, 'price_nzd': 100.0}, {'size_grams': 1000.0, 'price_nzd': 100.0}, {'size_grams': 1000.0, 'price_nzd': 100.0}, {'size_grams': 1000.0, 'price_nzd': 100.0}]",Brazil Region: Minas Gerais City: Poços de Caldas,"half of the farm remains untouched Mata Atlântica rainforest, which supports biodiversity and protects the local ecosystem",unknown,False,"TASTING NOTES Super sweet and silky smooth, this is a cup full of sugared almonds ! An edge of milk chocolate on the finish and raisin on the aftertaste completes it. FARM INFO The Fazenda Inglaterra coffee farm is situated on the borders of the Minas Gerais and São Paulo regions of Brazil, located in the more populous south-east corner of the country. Coffee was introduced to Brazil in the early 18th century, rapidly growing into a thriving industry that is now the leading producer of both commodity and specialty coffee worldwide. Minas Gerais is one of the most famous coffee-producing regions, alongside Espirito Santo, São Paulo, and Bahia. Fazenda Inglaterra is located near to the spa town of Poços de Caldas, the main socio-economic nucleus of its region, roughly 250km north of São Paulo city. The area is known for its volcanic soil and high elevation, reaching between 950 and 1,300 metres above sea level. The local area ranges over a high plateau formed by mountains, commonly mistaken as the crater of an extinct supervolcano. In reality, Poços de Caldas sits inside a caldera formed by the collapse of an 80 million year old intrusion amid the surrounding elevated areas, not a volcano itself. Its climate is characterized by dry winters and mild summers. This unique terroir contributes to the coffee’s distinct flavour profile: clean, sweet, and full of character. This particular lot is a mix of different varietals grown at Fazenda Inglaterra. The farm grows Bourbon, Icatu, Acaia, Catuai, and Canario. Stephen has made a strong commitment to producing environmentally friendly coffee within the Fazenda Inglaterra estate: half of the farm remains untouched Mata Atlântica rainforest, which supports biodiversity and protects the local ecosystem. In Stephen’s words, “As long as I own it, it will stay that way”. Country: Brazil Region: Minas Gerais City: Poços de Caldas Farm: Fazenda Inglaterra Producer: Stephen Hurst Farm size: 10 hectares Coffee growing area: 5 hectares Elevation: 1,200 m.a.s.l. Variety: Mixed Processing method: Natural",unknown
coffeeembassy.co.nz,8879375581338,Embassy Blend,"filter roast,espresso roast",embassy-blend-new,https://coffeeembassy.co.nz/products/embassy-blend-new,True,22.0,79.0,2026-08-18T01:15:33+12:00,2026-08-17T13:20:37+00:00,"caturra,catuai,bourbon,gesha,java","[{'size_grams': 250.0, 'price_nzd': 22.0}, {'size_grams': 250.0, 'price_nzd': 22.0}, {'size_grams': 250.0, 'price_nzd': 22.0}, {'size_grams': 250.0, 'price_nzd': 22.0}, {'size_grams': 250.0, 'price_nzd': 22.0}, {'size_grams': 1000.0, 'price_nzd': 79.0}, {'size_grams': 1000.0, 'price_nzd': 79.0}, {'size_grams': 1000.0, 'price_nzd': 79.0}, {'size_grams': 1000.0, 'price_nzd': 79.0}]",unknown,"Jairo Arcila Location: Armenia, Quindio","Washed Suitable For: Espresso/Punger/Stovetop Roast Level: Medium Exporter: Cofinet Importer: Cofinet The Variety Caturra is a natural mutation of the Bourbon variety, discovered in Brazil in the 1930s",False,"What is Embassy? Embassy is a modern blend made up of two exceptional, fully traceable coffees. It’s a blend that’s true to our values, and sourced with intention. This blend brings together: A washed Caturra from Jairo Arcila’s Santa Monica farm in Colombia, brought to us through Cofinet A natural Catucai from the Serra Dos Ciganos community in Brazil, sourced through FAF Coffees. The result is a modern espresso that is complex, fresh, and balanced, designed to shine both black and with milk. As a black coffee we taste sweet notes of apple and dates, and as a flat white we experience a creamy body with a flavour profile reminiscent of apple crumble and vanilla custard. For more information on this new iteration of our Embassy blend, and the next step in our journey towards a more values-focused sourcing approach, read our recent journal entry . Coffee Information Colombia Jairo Arcila Producer: Jairo Arcila Location: Armenia, Quindio Farm: Santa Monica Variety: Caturra Years used: 4th year Altitude: 1450 - 1500 MASL Process: Washed Suitable For: Espresso/Punger/Stovetop Roast Level: Medium Exporter: Cofinet Importer: Cofinet The Variety Caturra is a natural mutation of the Bourbon variety, discovered in Brazil in the 1930s. It is prized for its dwarf growth habit, which makes it more compact than Bourbon plants, allowing higher planting density and easier harvesting—particularly beneficial for small-scale and mechanized farms. Caturra tends to produce medium yields and is moderately resistant to certain diseases, although it can be more susceptible to leaf rust than some newer hybrids. In the cup, Caturra is known for its clean, bright profile, often highlighting sweet, citrusy, and fruity notes with a light to medium body. Its flavor clarity makes it a popular choice in specialty coffee, and it’s widely cultivated in Colombia, Brazil, and Central America. Farmers often select Caturra for its combination of manageable size, decent yield, and quality cup characteristics. Processing Method: Washed This coffee is harvested with strict criteria regarding ripeness of the cherries. They are floated and hand sorted to remove any defect cherries - this is an effective way to find any defects as they float while the good cherries sink. Once sorted, the cherries are then fermented underwater for 30 hours, pulped, then gently washed and dried in temperature controlled conditions until the ideal moisture content is reached. The Washed Method (A general overview) Washed (Wet) Coffee Process Harvesting: Only ripe coffee cherries are picked—either by hand or with selective mechanical methods. Ripeness is key because under- or over-ripe cherries can negatively affect flavor. Pulping: The outer skin and most of the fruit flesh are removed from the cherries using a pulping machine, leaving the coffee beans coated with a layer of sticky mucilage. Fermentation: The beans, still covered in mucilage, are placed in fermentation tanks with water. Natural enzymes break down the mucilage over 12–48 hours, depending on temperature and altitude. Washing: After fermentation, the beans are thoroughly washed with clean water to remove all remaining mucilage. This is why it’s called the “washed process.” Drying: The beans are dried to around 10–12% moisture either on patios, raised beds, or mechanical dryers. This step is crucial to prevent mold or fermentation defects. Hulling: The dry beans, now called parchment coffee, have their final parchment layer removed before roasting. _____ FAF Bob-o-Link Catucai Producer: FAF Coffee & Serra Dos Ciganos Community City: Caconde Region: Mogiana State: Sao Paulo Community: Serra Dos Ciganos Variety: Catucai Years used: 1st year Altitude: 1200 - 1350 masl Process: Natural - 36 Hour Anaerobic Fermentation Suitable For: Espresso/Punger/Stovetop Roast Level: Medium Exporter: FAF Coffee Importer: Sucafina The Variety Catucaí is a Brazilian-developed Arabica hybrid, created by crossing Catuai and Icatu . Genetically, it is a second-generation breeding product designed to meet modern farming demands: Catuai = Mundo Novo × Caturra Catucaí = Catuai × Icatu This breeding strategy gives Catucaí a blend of high productivity, disease resistance, and approachable cup quality . It is widely adopted in Brazil and other coffee-growing regions like Central America, Panama, and select areas of Colombia. Plant Characteristics: High productivity with consistent yields Good vigor and strong structure Compact growth, suitable for high-density planting Enhanced disease resistance, especially against leaf rust, compared to Catuai and Caturra Performs well in windy or wet climates Farming Advantages: Reliable production and harvest consistency Tolerant to rust and other common diseases Adaptable to mechanized or intensive farming systems Catucaí is appreciated not just for its agronomy but also for its versatile, approachable flavor: Acidity: Moderate, bright but gentle Body: Smooth and balanced Flavor Notes: Honeyed sweetness, soft chocolate, and delicate fruit tones - often yellow fruits or light tropical notes Finish: Clean and easy-drinking Its profile makes it suitable for both single-origin offerings and blends , offering reliability and consistency for roasters and producers alike. Processing Method: Natural Great pride is taken in producing clean and distinctive coffees. The belief is that specialty coffee should be both clean and sweet, and that diversity of flavour brings richness to the sensory experience. Processing methods are continually studied and refined in pursuit of truly elegant coffees. When coffee cherries are picked from the tree and dried until the seed (the coffee bean) reaches a humidity of approximately 11%—the ideal level for safe storage. After harvesting, the cherries are carefully sorted before determining the most suitable processing method. The aim is to craft coffees using signature processing styles that highlight distinctive and expressive flavours in the final cup. Naturals: One of the oldest coffee processing methods, the natural process involves drying the coffee fruit intact—skin, mucilage, pulp, parchment, and seed. After harvesting, the cherries are brought to the patio where they are spread out to dry. When conditions allow, the cherries undergo natural fermentation due to the presence of sugars, moisture, and wild strains of yeast and bacteria. This process is believed to enhance the fruit-forward character of the coffee and, in some cases, increase the perception of sweetness as well as body and mouthfeel. At the various FAF partner farms, cherries are carefully sorted on the day of harvest before being transferred to raised beds and patios for drying. Great pride is taken in producing “clean naturals,” coffees that deliver a sensory experience of fruitiness, sweetness, and well-balanced acidity. By balanced, it means that no single acidic note—such as a sharp acetic taste—dominates. Because natural coffees undergo wild fermentation, they can be some of the most interesting and dynamic coffees. About Jairo Arcila Jairo Arcila is a third-generation coffee grower from Quindío, Colombia. He is married to Luz Helena Salazar, and together they have two sons, Carlos and Felipe Arcila—the co-founders of Cofinet. Jairo began his career at Colombia’s second-largest coffee exporter, where he worked as Mill Manager for over 40 years until retiring in 2019. In 1987, he purchased his first coffee farm, Finca La Esmeralda, where he planted his first lot of Caturra. Balancing full-time work with farming, he reinvested his earnings to eventually acquire five additional farms: Villarazo, Mazatlán, Santa Monica, Maracay, and Buenos Aires. During harvest season, Jairo creates employment opportunities for local workers, contributing meaningfully to the local economy. With the expert guidance of his sons, Jairo has significantly enhanced his coffee production practices—improving picking, sorting, and processing techniques, while also embracing the cultivation of exotic coffee varieties such as Pink Bourbon, Java, Papayo, and Gesha. This collaboration has enabled him to produce exceptional coffees with distinct flavour profiles. In addition to coffee, Jairo cultivates a range of crops including mandarins, oranges, plantains, and bananas. He values a hearty breakfast to start the day—and above all, he cherishes spending time with his family. About FAF, Bob-o-link, and Serra dos Ciganos FAF Coffees is the family-run hub that connects and supports a network of farms across Brazil. Bob-o-link Coffee is the collaborative project that brings those farms together under a shared focus on sustainability and quality, and the Serra dos Ciganos Community is one of the key farming regions working within that system to produce coffee. Read on for more information about each one. Bob-o-link Bob‑o‑link Coffee takes its name from the Bobolink, a migratory bird that travels annually from the Midwestern United States to southeastern South America. The founders of Bob-o-link chose this name to evoke a sense of global connection and environmental awareness. In 1991, the family behind Bob‑o‑link moved from São Paulo, Brazil, to Chicago, USA. While in the United States, they became inspired by conservation efforts surrounding the bird, and adopted it as a symbol for sustainability and stewardship. Around this time, they inherited the family farm in Brazil, Fazenda Fortaleza, and began a deliberate shift toward environmentally friendly and sustainable coffee farming. The farm was renamed Fazenda Ambiental Fortaleza, or “Environmental Fortress Farm,” to reflect this mission. At Fazenda Ambiental Fortaleza, the family eliminated toxic materials, protected water sources, and created green corridors for wildlife. Fruit trees such as bananas, mangoes, and avocados were planted among coffee trees to restore natural habitats. Recognising that environmental protection required a broader effort, the family invited neighboring smallholder farmers to join a network of family farms committed to sustainable agriculture and shared quality standards. Today, Bob‑o‑link Coffee represents a collective project of high-altitude Arabica coffee farms in Brazil’s Mogiana region, spanning the states of São Paulo and Minas Gerais. The coffee is grown between 900 m and 1 400 m elevation, hand-picked, and dried near the farmers’ homes, combining traditional craftsmanship with ecological stewardship. The story of Bob‑o‑link Coffee reflects a broader mission: protecting nature, fostering harmony between people and the environment, and promoting sustainable agriculture practices, all symbolized by the migratory journey of the Bobolink bird. FAFCoffees At Fazenda Ambiental Fortaleza, great pride is taken in producing high-quality coffee while maintaining a strong commitment to sustainability, both socially and environmentally. As a centre for coffee knowledge, laboratories operate both on the farm at FAF and in the city of São Paulo. The goal is to share and promote the culture of specialty coffee and sustainable farming practices throughout Brazil. Fazenda Ambiental Fortaleza (FAF) is a small, family-run green bean coffee supplier and the centre of a network of farms that work together. Their aim is to produce some of the highest-quality and most unique coffees from Brazil. The FAF farm is organically certified, and several partner farms within the network are also organic. While not all farms are fully organic, FAF encourages all partners to adopt sustainable practices and reduce the use of agrochemicals wherever possible. Beyond quality, FAF is committed to environmental and social responsibility, producing coffees that are sustainable and considerate of both the ecosystem and the wellbeing of the people involved. Their approach involves the entire supply chain,from producer to end consumer, fostering collaboration, lasting relationships, and a shared purpose. Coffee is at the centre of everything they do, and their goal is to involve the entire supply chain, from producer to consumer, working together to continually improve the quality and accessibility of these coffees while building lasting relationships and a shared sense of purpose. Serra Dos Ciganos Community The Serra dos Ciganos Community and wet mill sits atop the mountains bordering the states of São Paulo and Minas Gerais. It is located in the municipality of Caconde and with plenty of natural springs, the valley forms an important watershed, contributing to the Rio Pardo River. The name “Serra dos Ciganos”, which means “Gipsy Mountains”, arose in the 19th century, when the valley was used as a camp for travelers, who were passing through. In 2008, this community of fourth generation coffee farmers started working with FAFCoffees on a new coffee production model for the region. Instead of selling their dried coffees to local buyers they chose to work with FAFCoffees to raise quality and think of coffee as a beverage, not as a commodity. Along with better control of the post-harvest processes and the application of new techniques, such as raised beds and careful turning, the full potential of their coffee could be revealed. Recipe This is a good starting point for all of our espresso coffees. Adjust Accordingly to your own preference Ground Coffee: 20g Espresso Weight out: 25g Contact Time: 25-30 Seconds Recommended brewing age 10+ days after roast date Subscriptions For more info on subscriptions, head to the Subscriptions page . Price Adjustments to Embassy Blend Embassy blend has recently evolved into a more intentional, values-led blend, made up of exceptional, fully traceable coffees. As a result, incremental price adjustments will be put in place in May and June. Find out more about the changes and what they mean for your cup here . For something closer in price and profile to what Embassy previously was, we recommend trying our Ranger Regional blend.","Honeyed sweetness, soft chocolate, and delicate fruit tones - often yellow fruits or light tropical notes Finish: Clean and easy-drinking Its profile makes it suitable for both single-origin offerings and blends , offering reliability and consistency for roasters and producers alike"
coffeeembassy.co.nz,7149397639322,Beyond Blend,espresso roast,beyond-blend,https://coffeeembassy.co.nz/products/beyond-blend,True,24.0,86.0,2026-08-18T01:15:33+12:00,2026-08-17T13:20:37+00:00,unknown,"[{'size_grams': 250.0, 'price_nzd': 24.0}, {'size_grams': 250.0, 'price_nzd': 24.0}, {'size_grams': 250.0, 'price_nzd': 24.0}, {'size_grams': 250.0, 'price_nzd': 24.0}, {'size_grams': 1000.0, 'price_nzd': 86.0}, {'size_grams': 1000.0, 'price_nzd': 86.0}, {'size_grams': 1000.0, 'price_nzd': 86.0}, {'size_grams': 1000.0, 'price_nzd': 86.0}]",unknown,unknown,"Washed Sourced from the Konga Kebele in the Yirgacheffe District of Ethiopia’s renowned Gedeo Zone, this exceptional coffee is grown in ideal high-altitude conditions",False,"We are excited to bring you our latest edition of Beyond Seasonal Blend. Beyond is currently made up of two Ethiopian coffees, Konga (washed) and Hatiso (natural). Flavour Profile - Dark Fruits, Floral, Brown Sugar Score - 86.25 What is Beyond? Beyond is a Seasonal Espresso Blend made up of coffees that could represent the future of Espresso blends. When we think of the word “Beyond” we think about the possibility of something that is greater than the current . It represents the countless flavours that origins have to offe r. To fall in line with the harvest seasons of coffee, we change up the components that make up Beyond regularly. With the availability of an interesting array of coffee origins and processing methods, you can always expect a bright, fruit-forward, highly interesting cup of coffee from this blend. Read on for more information on the origins and further reading on some of the coffee terms we use. If you would like to know more about the coffees we are always happy to chat! Coffee terms/language What is a Spot Seasonal Blend? A Spot Seasonal Blend is to offer an exciting and complex coffee that is linked up with the coffee harvest season. This allows us to bring you a coffee that is always fresh and flavour driven. Cup/Quality Score Scoring coffee is used to define the quality of the coffee. Scores are given to the individual origins. To be considered “Specialty” a coffee must score a minimum of 80/100. Most Specialty coffees score between 80 – 87. Only a few outstanding coffees will score higher than this. Roast Degree/Type/colour/style Back in the days of old, coffee roasts were (and still are by some) only described as being light, medium and dark. These descriptions are still relevant to a point but coffee is no longer as straight forward. These days ones interpretation of colour can vary from roaster to roaster. We try to triangulate roast degree (Temperature) Colour and Development of the roast not just the colour (as different origins can colour differently) Styles: Spot Seasonal Blend, Seasonal Blend, Modern Blend, Regional Blend, Single Origin. The Origins Now we can get stuck into the coffees themselves! The Origins Ethiopia Konga Process: Washed Sourced from the Konga Kebele in the Yirgacheffe District of Ethiopia’s renowned Gedeo Zone, this exceptional coffee is grown in ideal high-altitude conditions. Around 800 smallholder farmers cultivate heirloom varieties, each managing roughly two hectares of land. Together, these farms make up a collective growing area of approximately 1,600 hectares. In the cup, this coffee is vibrant and expressive, showing notes of fresh orange, delicate red fruits, and soft florals. It’s a classic expression of Yirgacheffe’s bright, aromatic profile, shaped by the region’s unique terroir and the care of its dedicated producers. Ethiopia Hatiso Process: Natural Karamo Village, located in Bula Woreda in Ethiopia’s Sidama region, sits at an exceptionally high altitude and benefits from a unique microclimate that slows the ripening of coffee cherries. This extended maturation allows the beans to develop the rich, complex flavours that Sidama coffees are celebrated for. Around 350 smallholder farmers cultivate an average of 2.5 hectares each, delivering their ripe cherries to local collection points where they are carefully sorted and fairly paid for their harvest. After sorting, the cherries are dried on raised beds and regularly hand-turned throughout the day to ensure even drying and prevent spoilage. The result is an expressive coffee, with bright strawberry notes up front, a silky milk chocolate body, and delicate florals on the nose. Each cup reflects the care, dedication, and traditional practices of the Karamo community, offering a true expression of Sidama’s specialty coffee heritage. Recipe This is a good starting point for all of our espresso coffees. Adjust Accordingly to your own preference Ground Coffee: 20g Espresso Weight out: 25g Contact Time: 25-30 Seconds Recommended Brewing Age 10+ days after roast date Subscriptions For more info on subscriptions, head to the Subscriptions page . Price Adjustments to Beyond From May 4th, we will begin incremental price adjustments to Beyond Blend, bringing the blend price in line with the single origin coffees it is made up of. For more information, please head here .",unknown
coffeeembassy.co.nz,671785779228,Ranger Blend,espresso roast,ranger-blend,https://coffeeembassy.co.nz/products/ranger-blend,True,18.5,66.5,2026-08-18T01:15:33+12:00,2026-08-17T13:20:37+00:00,unknown,"[{'size_grams': 250.0, 'price_nzd': 18.5}, {'size_grams': 250.0, 'price_nzd': 18.5}, {'size_grams': 250.0, 'price_nzd': 18.5}, {'size_grams': 250.0, 'price_nzd': 18.5}, {'size_grams': 1000.0, 'price_nzd': 66.5}, {'size_grams': 1000.0, 'price_nzd': 66.5}, {'size_grams': 1000.0, 'price_nzd': 66.5}, {'size_grams': 1000.0, 'price_nzd': 66.5}]",unknown,level traceability from Carmo de Minas region which is in the South of Minas Gerais,Natural Samba Reserve is an exceptional blend of Natural processed coffees grown within 1000-300 m,False,"What is Ranger? We have made some exciting changes to our blends, and Ranger is now a seasonal Regional blend, now made up of higher quality Reserve programs and Regional Coffees. Ranger supports both ends of the coffee supply chain; empowering small-lot producers while remaining accessible. Its seasonal nature means we can select from a broader range of coffees aligned with the harvest calendar. The components of Ranger are now: Brazil Samba Ethiopia Limu Kossa Flavour Profile: Cocoa, Citrus, Caramel A note from James, Head of Coffee We are excited to share with you some information about Ranger Blend. Our mission at Coffee Embassy is to be as transparent as possible. We enjoy sharing information about the coffee you are drinking and help educate about coffee. Check out some extra info on the tabs below, or if you would like to know more about the coffees we are always happy to chat! Coffee terms/language Before we get stuck into the details of the origins we would like to go over a few of the coffee terms/language we use every day. What is a Regional Blend? - Regional coffees are collected from hundreds of farmers within a shared area, who grow similar varieties and process their coffees together. Some Regional coffees are part of Reserve Programs, helping smallholder farmers reach wider markets, with Cofinet supporting them through education and financial aid. Cup/Quality Score - Scoring coffee is used to define the quality of the coffee. Scores are given to the individual origins. To be considered “Specialty” a coffee must score a minimum of 80/100. Most Specialty coffees score between 80 – 87. Only a few outstanding coffees will score higher than this. Roast Degree/Type/colour/style - Back in the days of old, coffee roasts were (and still are by some) only described as being light, medium and dark. These descriptions are still relevant to a point but coffee is no longer as straight forward. These days ones interpretation of colour can vary from roaster to roaster. We try to triangulate roast degree (Temperature) Colour and Development of the roast not just the colour (as different origins can colour differently) Styles: Spot Seasonal Blend, Seasonal Blend, Modern Blend, Regional Blend, Single Origin. The Origins Brazil: Samba Reserve Score: 83 Flavour Profile: Caramel, Milk Chocolate, Spice Process: Natural Samba Reserve is an exceptional blend of Natural processed coffees grown within 1000-300 m.a.s.l of altitude. Produced by selected coffee growers, there is farm-level traceability from Carmo de Minas region which is in the South of Minas Gerais. This coffee was carefully picked in order to select only the ripest cherries. The cherries then underwent a rigorous sorting process using the ""lavador"" machine, a density sorter commonly used in Brazil to separate the low-density beans. To complete the preparation, the coffee was sun-dried on patios for three days before being finished in mechanical dryers for 72 hours or more, until the optimal moisture level was reached. _____ Ethiopia: Limu Kossa Score: 84+ Flavour Profile: Bright, Sweet berry fruits, Full bodied Process: Washed This washing station, founded in Limu Kossa is managed by full-time farmers that focus on cultivating exquisite Ethiopian heirloom varieties across 3250 hectares of land. These farms cultivate their heirloom varieties to be as close to their wild-grown counterparts as they can, made possible by exceptional agroforestry practices. The plants grow in the shade of 43 different species of trees, allowing for slow cherry development and beans that are more dense and flavourful. Recipe This is a good starting point for all of our espresso coffees. Adjust Accordingly to your own preference Ground Coffee: 20g Espresso Weight out: 25g Contact Time: 25-30 Seconds Recommended brewing age 5+ days after roast date Subscriptions For more info on subscriptions, head to the Subscriptions page .",unknown
coffeeembassy.co.nz,7171461480602,Jairo Arcila,filter roast,jairo-arcila-caturra,https://coffeeembassy.co.nz/products/jairo-arcila-caturra,True,24.0,24.0,2026-08-18T01:15:33+12:00,2026-08-17T13:20:37+00:00,"caturra,bourbon,gesha,java","[{'size_grams': 250.0, 'price_nzd': 24.0}, {'size_grams': 250.0, 'price_nzd': 24.0}, {'size_grams': 250.0, 'price_nzd': 24.0}, {'size_grams': 250.0, 'price_nzd': 24.0}, {'size_grams': 250.0, 'price_nzd': 24.0}, {'size_grams': 250.0, 'price_nzd': 24.0}, {'size_grams': 250.0, 'price_nzd': 24.0}, {'size_grams': 250.0, 'price_nzd': 24.0}]",unknown,unknown,unknown,False,"Producer – Jairo Arcila Location – Armenia, Quindio Farm – Santa Monica Variety – Caturra Years Used – 3 Altitude – 1450-1500 MASL Process – Washed Suitable For – All filter brewing methods Roast Level – Light Importer – Cofinet Cupping Notes – Mandarin, Caramelised Apple, Apricot Disclaimer: Cupping notes are a guide based on what we tasted whilst cupping this coffee. Your experience may differ depending on brewing method. Download a Digital Tasting Card We’re thrilled to welcome back this beautiful Caturra from Jairo Arcila — a shining example of a clean, sweet, and classically delicious washed Colombian coffee. Now in our third year working with this lot, we genuinely believe this season’s harvest is the best yet. In the cup, expect crisp mandarin and apricot-like acidity, a gentle white chocolate and caramelised apple body, with a clean, refreshing finish. Don Jairo hails from Quindío, where Santa Monica — his own farm — sits among some of Colombia’s most celebrated coffee-growing landscapes. A highly respected third-generation farmer, he is also the father of Cofinet founders Carlos and Felipe Arcila, and husband to Luz Helena Salazar, one of the region’s most skilled producers. About Jairo began his career at Colombia’s second-largest coffee exporter, where he worked as Mill Manager for over 40 years until retiring in 2019. In 1987, he purchased his first coffee farm, Finca La Esmeralda , where he planted his first lot of Caturra. Balancing full-time work with farming, he reinvested his earnings to eventually acquire five additional farms: Villarazo, Mazatlán, Santa Monica, Maracay , and Buenos Aires . During harvest season, Jairo creates employment opportunities for local workers, contributing meaningfully to the local economy. With the expert guidance of his sons, Jairo has significantly enhanced his coffee production practices—improving picking, sorting, and processing techniques, while also embracing the cultivation of exotic coffee varieties such as Pink Bourbon, Java, Papayo, and Gesha. This collaboration has enabled him to produce exceptional coffees with distinct flavour profiles. In addition to coffee, Jairo cultivates a range of crops including mandarins, oranges, plantains , and bananas . He values a hearty breakfast to start the day—and above all, he cherishes spending time with his family. This coffee is harvested with strict criteria regarding ripeness of the cherries. They are floated and hand sorted to remove any defect cherries - this is an effective way to find any defects as they float while the good cherries sink. Once sorted, the cherries are then fermented underwater for 30 hours, pulped, then gently washed and dried in temperature controlled conditions until the ideal moisture content is reached. The Variety This microlot is 100% Caturra; this variety is originally from Minas Gerais in Brazil, and is a natural mutation of Red Bourbon. The plants are grown in volcanic ash soil at 1450-1500 MASL in temperatures between 18-28c. Filter Recipe This is a good starting point for all of our Filter coffees. Adjust Accordingly to your own preference. Ground Coffee: 20g Brewed Weight: 320g Contact Time: 3-3:30 mins Recommended Brewing Age 12+ days after roast date",unknown
coffeeembassy.co.nz,5307933701,Decaf | Colombia Popayan,"filter roast,espresso roast",decaf,https://coffeeembassy.co.nz/products/decaf,True,21.5,82.5,2026-08-18T01:15:33+12:00,2026-08-17T13:20:37+00:00,castillo,"[{'size_grams': 250.0, 'price_nzd': 21.5}, {'size_grams': 250.0, 'price_nzd': 21.5}, {'size_grams': 250.0, 'price_nzd': 21.5}, {'size_grams': 250.0, 'price_nzd': 21.5}, {'size_grams': 250.0, 'price_nzd': 21.5}, {'size_grams': 1000.0, 'price_nzd': 82.5}, {'size_grams': 1000.0, 'price_nzd': 82.5}, {'size_grams': 1000.0, 'price_nzd': 82.5}, {'size_grams': 1000.0, 'price_nzd': 82.5}, {'size_grams': 1000.0, 'price_nzd': 82.5}]",unknown,unknown,unknown,True,"Origin – Popayan, Colombia Altitude – 1500 - 2070 MASL Process – Sugarcane Decaf Variety – Castillo, Varidad Colombia Flavour Notes – Caramel, Toffee and Citrus Roasted For – Espresso About This coffee is produced by selected farms in Popayan region of Colombia. Coffee is brought from growers in dry parchment, it is later milled at Popayan and transported to Caldas to be decaffeinated. The sugarcane decaffeination process in unique; the caffeine is extracted from the bean using sugar cane and water which enhances sweetness, while maintaining coffee attributes. This technique was developed in Colombia. Popayán is located in the department of Cauca at 1.700 m.a.s.l. The regions topography is perfect to grow exceptional coffee! The so-called Meseta de Popayan is sheltered by the Andes mountain range which helps generate homogeneous climatic and altitudinal characteristics. The result is a balanced cup profile with floral and caramel notes. Approximately 65 growers contribute to this regional coffee; our green bean suppliers Cofinet have a long-standing relationship with these growers and the program they are part of. This program encourages farmers to focus on quality, based on quality assessment up to 20% premiums above the market price are paid. About the Sugarcane Decaffeination Process Sugarcane decaffeination utilises a naturally occurring compound, ethyl acetate (EA) to decaffeinate coffee. The EA process is relatively simple. The coffee beans are moistened with water and EA is circulated throughout. The EA binds with the caffeine in the bean and extracts the caffeine while leaving most of the other flavour compounds. After the desired caffeine level is reached, the EA residue on the beans is removed by steaming them. Sugarcane Decaf is becoming well-known and much loved for it's ability to taste almost identical to it's caffeinated counterpart. Recipe This is a good starting point for all of our espresso coffees. Adjust accordingly to your own preference Ground Coffee: 20g Espresso Weight out: 25g Contact Time: 25-30 Seconds Recommended Brewing Age 5+ days after roast date Subscriptions For more info on subscriptions, head to the Subscriptions page .",unknown
coffeeembassy.co.nz,8840707604634,Konga | Ethiopia Washed,filter roast,konga-ethiopia-heirloom-washed,https://coffeeembassy.co.nz/products/konga-ethiopia-heirloom-washed,True,24.0,24.0,2026-08-18T01:15:33+12:00,2026-08-17T13:20:37+00:00,unknown,"[{'size_grams': 250.0, 'price_nzd': 24.0}, {'size_grams': 250.0, 'price_nzd': 24.0}, {'size_grams': 250.0, 'price_nzd': 24.0}, {'size_grams': 250.0, 'price_nzd': 24.0}, {'size_grams': 250.0, 'price_nzd': 24.0}, {'size_grams': 250.0, 'price_nzd': 24.0}, {'size_grams': 250.0, 'price_nzd': 24.0}, {'size_grams': 250.0, 'price_nzd': 24.0}]",unknown,unknown,unknown,False,"Ethiopia Konga Washed Sourced from the Konga Kebele in the Yirgacheffe District of Ethiopia’s renowned Gedeo Zone, this exceptional coffee is grown in ideal high-altitude conditions. Around 800 smallholder farmers cultivate heirloom varieties, each managing roughly two hectares of land. Together, these farms make up a collective growing area of approximately 1,600 hectares. In the cup, this coffee is vibrant and expressive, showing notes of fresh orange, delicate red fruits, and soft florals. It’s a classic expression of Yirgacheffe’s bright, aromatic profile, shaped by the region’s unique terroir and the care of its dedicated producers. Producer – Smallholder farmers from the Konga Kebele (neighbourhood) Location – Gedeo, Yirgacheffe Farm – 800 smallholder farms Variety – Ethiopian Heirloom varieties Altitude – 1800 - 2000 MASL Process – Washed Cupping Notes – Orange, Red Fruits, Floral Roast Level – Light Suitable For – All Filter Brew Methods Importer – Cofinet Download a Digital Tasting Card Disclaimer: Cupping notes are a guide based on what we tasted whilst cupping this coffee. Your experience may differ depending on brewing method. About Sourced from the renowned Gedeo Zone, specifically the Yirgacheffe District's Konga Kebele in Southern Ethiopia, this exceptional coffee thrives in an ideal growing Environment. This coffee is produced by 800 small-scale farmers who primarily cultivate heirloom varieties. These dedicated coffee farmers deliver their cherries directly to the processing station. Each producer owns a 2-hectare farm, contributing to a substantial total cultivated area of 1,600 hectares. These farms are nestled at altitudes ranging from 1,800 to 2,000 m.a.s.l where the fertile, well-draining, red-brown soil provides optimal conditions for coffee cultivation. The region experiences an average annual rainfall of 1,800-2,000mm and consistent temperatures between 20-25°C, ensuring uniform fruit development. The variety Heirloom is a catch-all phrase given to coffee varieties native to Ethiopia, many of which grow in the wild. There are thought to be over 10,000 different unnamed varieties. Many heirloom varieties begin life as a wild plant, and some are later brought to various specialty coffee farms across the country, where they are cultivated, harvested, and processed. JARC (Jimma Agricultural Research Centre) has also cultivated some heirloom varieties at their laboratory. The Processing Method The classic washed process is typical for coffees grown in the Yirgacheffe region. After harvest, the cherry is removed and the beans are fermented in water for around 72 hours before being washed and dried. This controlled process removes all fruit from the seed, resulting in a cleaner and more precise cup profile. Washed Yirgacheffes are known for their clarity, bright acidity, and layered florals. The distinct character of the origin shines through, and this style remains a benchmark for high-quality Ethiopian coffees. Filter Recipe This is a good starting point for all of our Filter coffees. Adjust Accordingly to your own preference. Ground Coffee: 20g Brewed Weight: 320g Contact Time: 3-3:30 mins Recommended Brewing Age 12+ days after roast date",unknown
coffeeembassy.co.nz,8094516379802,Single Origin Subscription,filter roast,filter-subscription-recurring,https://coffeeembassy.co.nz/products/filter-subscription-recurring,True,28.0,28.0,2026-08-18T01:15:33+12:00,2026-08-17T13:20:37+00:00,"caturra,bourbon,gesha",[],unknown,unknown,unknown,False,"Our aim is to source and share with you a carefully curated selection of delicious, quality coffees from a range of the best coffee growing regions around the world. Throughout the year we’ll be bringing you an exciting range of origins, varieties and processing methods from regional, microlot and single estate producers. Sign up to a monthly subscription and you'll receive a different single origin coffee each month, charged on the 1st of the month and dispatched the following business day. For weekly or fortnightly deliveries, you will receive a rotation of our current lineup of single origin coffees, sent within 2 business days of each payment. Our standard size bag is 250g. Occasionally, we will have an extra special coffee we'd like to share with you, which will be sent in a slightly smaller amount such as 200g. Previous passport deliveries June 26: Brazil Jo ão Hamilton May 26: Colombia Alexander Vargas April 26: Ethiopia Konga March 26: Colombia Sebastian Ramirez February 26: Ethiopia Urabeast January 26: Colombia Jairo Arcila Caturra December 25: Colombia Jardines Del Eden Red Gesha November 25: Colombia Diofanor Ruiz Pink Bourbon October 25: Kenya Kaliluni AA September 25: Rwanda Mwito August 25: Costa Rica Alberto Guardia July 25: Brazil Gabriel De Carvalho June 25: Rwanda Bwenda May 25: Colombia Luz Mila April 25: Honduras Jose Ramirez March 25: Ethiopia Buku Sayisa The finer details Shipping to urban addresses is included in the price of this subscription. If you are local and would prefer to pick up your coffee from our Cellar Door/Roastery, we’ll shout you a batch brew on pick up! Shipping to rural addresses incur a surcharge of $5 per delivery to cover the extra freight charges. Please select the correct option to ensure shipping charges are accurately calculated. Recurring subscriptions are charged on the 1st of the month, then we dispatch on the following business day. If your initial order is placed within 5 days of the 1st, we’ll hold off your first delivery until the scheduled dispatch date. For all other initial payments, we will send out the first bag when you order, then all following deliveries will be dispatched on the first Tuesday of the month. This may mean your first couple of deliveries arrive less than a month apart. Log in to your account to access your subscription details. Recurring subscriptions can be changed, paused or cancelled here. If you need any assistance or have a question, email us at orders@coffeeembassy.co.nz.",unknown
coffeeembassy.co.nz,8441963053210,Blends Rotating Subscription,espresso roast,espresso-rotation-subscription,https://coffeeembassy.co.nz/products/espresso-rotation-subscription,True,24.0,86.0,2026-08-18T01:15:33+12:00,2026-08-17T13:20:37+00:00,unknown,"[{'size_grams': 250.0, 'price_nzd': 24.0}, {'size_grams': 250.0, 'price_nzd': 24.0}, {'size_grams': 250.0, 'price_nzd': 24.0}, {'size_grams': 250.0, 'price_nzd': 24.0}, {'size_grams': 1000.0, 'price_nzd': 86.0}, {'size_grams': 1000.0, 'price_nzd': 86.0}, {'size_grams': 1000.0, 'price_nzd': 86.0}, {'size_grams': 1000.0, 'price_nzd': 86.0}]",unknown,unknown,unknown,False,"Trust the roaster with our blends subscription! You'll receive a rotation of our blends, suitable for espresso, plunger and stovetop brewing. Shipping is included for all urban deliveries. There is a surcharge on rural deliveries to cover some of the extra cost to ship to these addresses, if you live at a rural address please select your subscription accordingly so we can accurately calculate your shipping costs. Recipe This is a good starting point for all of our espresso coffees. Adjust accordingly to your own preference Ground Coffee: 20g Espresso Weight out: 25g Contact Time: 25-30 Seconds Recommended Brewing Age 10 – 28 Days after roast date Subscriptions Read more about how subscriptions work here",unknown
coffeeembassy.co.nz,9001213853850,Brayan Smith | Colombia Washed Gesha,filter roast,brayan-smith-colombia-washed-gesha,https://coffeeembassy.co.nz/products/brayan-smith-colombia-washed-gesha,True,45.0,45.0,2026-08-18T01:15:33+12:00,2026-08-17T13:20:37+00:00,"pacamara,gesha,geisha","[{'size_grams': 200.0, 'price_nzd': 45.0}, {'size_grams': 200.0, 'price_nzd': 45.0}, {'size_grams': 200.0, 'price_nzd': 45.0}, {'size_grams': 200.0, 'price_nzd': 45.0}, {'size_grams': 200.0, 'price_nzd': 45.0}, {'size_grams': 200.0, 'price_nzd': 45.0}, {'size_grams': 200.0, 'price_nzd': 45.0}, {'size_grams': 200.0, 'price_nzd': 45.0}]",unknown,unknown,unknown,False,"Brayan Smith Washed Gesha It is our pleasure to present a classic expression of a beautifully washed Gesha. Since introducing Gesha to our offering two years ago, this is only the second washed lot we have been able to secure. Brayan Smith is a third-generation coffee producer from Pitalito, Huila, and founder of SATUS, a collective of 70 local coffee-growing families. At his farm, Las Brisas, Brayan is dedicated to preserving his family's coffee-growing heritage while cultivating exceptional varieties, including Gesha. Originally discovered in Ethiopia, Gesha is renowned for its elegant floral aromatics, vibrant acidity and delicate tea-like body, making it one of the world's most celebrated coffee varieties. For this lot, only perfectly ripe cherries are hand-picked, sorted and floated before undergoing a carefully controlled 30-hour underwater fermentation. The coffee is then washed and slowly dried on raised beds, producing a remarkably clean and expressive cup with exceptional clarity, sweetness and balance. In the cup, expect fragrant florals, bright citrus, and a sparkling sweetness that reminded us of the iconic New Zealand soft drink L&P. A beautifully clean and expressive coffee, and one not to be missed. Enjoy. Producer – Brayan Smith Location – Pitalito, Huila Farm – Las Brisas Variety – Gesha Altitude – 1800 - 1850 MASL Process – Washed Cupping Notes – Citrus, Lemon and Paeroa, Floral Roast Level – Light Suitable For – All Filter Brew Methods Exporter – Cofinet Colombia Importer – Cofinet New Zealand Digital Tasting Card Disclaimer: Cupping notes are a guide based on what we tasted whilst cupping this coffee. Your experience may differ depending on brewing method. About Brayan Smith is a third-generation coffee grower from Huila, and founder of SATUS, a collective of 70 coffee growing families in the local area. Brayan is a passionate young coffee farmer who decided to preserve his family tradition while focusing on improving coffee practices and cultivating new varieties to enhance their specialty coffee crops. His farm Las Brisas is located at 1500-1800 m.a.s.l in Pitalito, Huila. He grows exotic varieties such as Pacamara and Gesha. Since childhood, he has witnessed his family's dedication to coffee production and the care and excitement they invest in every harvest. The variety Gesha, often spelled ""Geisha,"" is one of the most celebrated and sought-after coffee varieties in the world. Renowned for its exceptional cup profile, this variety has consistently won prestigious coffee competitions and commanded record-breaking prices at auctions. Its journey from the remote forests of Ethiopia to the lush coffee farms of Latin America, particularly Panama and Colombia, is a tale of discovery, perseverance, and innovation. The story of Gesha begins in the 1930s in the Gori Gesha Forest of Ethiopia, where the variety was first discovered. In 1936, seeds were collected then sent to the Lyamungu research station in Tanzania. From there, the seeds made their way to the Centro Agronómico Tropical de Investigación y Enseñanza (CATIE) in Costa Rica in the 1950s, where they were catalogued as part of a broader effort to study and preserve coffee genetics. Gesha's potential was not immediately recognized. For many years, it was grown as a rust-resistant variety, rather than for its cup quality. Some farmers stopped planting it due to fragile branches. It wasn't until the early 2000s that the variety gained international acclaim. In 2004, the Peterson family of Hacienda La Esmeralda in Panama discovered the unique flavour profile of Gesha when they planted it at high altitudes. Their Gesha coffee won the Best of Panama competition that year, setting a new standard for specialty coffee and fetching unprecedented prices at auction. Colombia, one of the world's leading coffee producers, quickly recognized the potential of Gesha. The country's diverse microclimates, high altitudes, and rich volcanic soils provide ideal conditions for cultivating this delicate variety. In regions like Nariño, Huila, Quindio and Cauca, Colombian farmers began experimenting with Gesha, planting it at elevations of 1,600 to 2,000 m.a.s.l.. The results were extraordinary: Colombian Gesha coffee is celebrated for its complex flavour profile, featuring notes of jasmine, bergamot, tropical fruits, and honey, with a delicate, tea-like body and vibrant acidity The Processing Method Brayan Smith, along with his team of pickers, harvests only the ripest cherries. Then, the cherries are placed in the sorting area at Las Brisas farm, where the sorting team hand-sorts and floats them to remove any low-density, underripe, or defective cherries. Once sorted, the cherries undergo a 30-hour underwater fermentation, a critical step that enhances the coffee's flavor profile. This controlled fermentation carried by Brayan Smith follows the Cofinet’s protocol. This controlled fermentation process allows the sugars, organic acids, and other compounds within the cherries to break down gradually, stimulating the development of a delicate yet interesting profile. The 30-hour fermentation period is carefully calibrated to strike the perfect balance between developing flavor complexity and preserving the coffee's inherent qualities. This results in a harmonious balance of sweetness and acidity, giving our washed coffees a bright and lively character. After fermentation, the cherries are pulped, and the mucilage is thoroughly washed away. Once coffees are washed they are spread out on raised beds. The team monitors them closely to ensure even drying and optimal quality. They aim for 9.5% -11% moisture content, which is the perfect point for them. Filter Recipe This is a good starting point for all of our Filter coffees. Adjust Accordingly to your own preference. Ground Coffee: 20g Brewed Weight: 320g Contact Time: 3-3:30 mins Recommended Brewing Age 12+ days after roast date",unknown
coffeeembassy.co.nz,9025961918618,Cesar Buesaquillo | Natural Pink Bourbon,filter roast,cesar-buesaquillo-natural-pink-bourbon,https://coffeeembassy.co.nz/products/cesar-buesaquillo-natural-pink-bourbon,True,35.0,35.0,2026-08-18T01:15:33+12:00,2026-08-17T13:20:37+00:00,"bourbon,gesha","[{'size_grams': 200.0, 'price_nzd': 35.0}, {'size_grams': 200.0, 'price_nzd': 35.0}, {'size_grams': 200.0, 'price_nzd': 35.0}, {'size_grams': 200.0, 'price_nzd': 35.0}, {'size_grams': 200.0, 'price_nzd': 35.0}, {'size_grams': 200.0, 'price_nzd': 35.0}, {'size_grams': 200.0, 'price_nzd': 35.0}, {'size_grams': 200.0, 'price_nzd': 35.0}]",unknown,unknown,unknown,False,"Cesar Buesaquillo Natural Pink Bourbon A note from James, Head of Coffee: It’s an absolute pleasure to bring you another exceptional coffee from Cesar’s farm. A standout on the cupping table, this is easily the finest Pink Bourbon we’ve tasted in the last two years. We love working with Cesar’s coffees and are excited to share more of his lots with you in the future. For this natural Pink Bourbon, the cherries undergo a 45-hour aerobic fermentation following Cofinet’s protocol, enhancing sweetness and complexity while allowing the character of the farm and variety to shine. They are then dried slowly on raised parabolic beds for 10–15 days, with regular turning to ensure even drying and exceptional consistency. In the cup, expect elegant floral aromatics, vibrant yet delicate acidity, remarkable clarity, and a refined sweetness that lingers long after each sip. This is a beautifully expressive coffee that showcases exactly why Pink Bourbon continues to feature on our offering. James. Producer – Cesar Buesaquillo Location – Buenavista, Quindio Farm – La Esmeralda Variety – Pink Bourbon Years Used – 2nd year Altitude – 1750 - 1800 MASL Process – Natural Cupping Notes – Jasmine, Raspberry Jam, Shiraz Roast Level – Light Suitable For – All Filter Brew Methods Importer – Cofinet Download a Digital Tasting Card Disclaimer: Cupping notes are a guide based on what we tasted whilst cupping this coffee. Your experience may differ depending on brewing method. About Cesar Buesaquillo was born into a traditional coffee farming family. He owns the farm La Esmeralda which is 6-hectares in size and is located at 1800 m.a.s.l in Buenavista, Quindio. When you visit Don Cesar, you will see a marvellous view across his farm. Cesar has planted some beautiful shade trees on his farm such as Guamo, Yarumo, and Carbonero, and he also grows other crops on his farm like plantain, banana, and avocado. Cesar has been involved in coffee farming all his life. His parents worked as coffee pickers and then farm managers on a variety of coffee farms. He would visit the farms his parents worked on and in doing so he fell in love with coffee. Approximately 20 years ago, his parents were able to purchase La Esmeralda which Don Cesar and his family now own. Cesar, his wife Maria and their son Kevin manage all the operations at La Esmeralda. Maria supports Cesar in every step of their family business. She guides Cesar and they tackle the important decisions together, they are a very strong team. The first years in coffee production weren’t easy because he came from a traditional farming background that was focused on producing commodity-grade coffee. Cesar wanted to pursue Specialty Coffee practices and focus on more unique varieties so he had to change his approach to farming. He started planting Pink Bourbon and then Gesha. Now, he is constantly experimenting with processing methods and believes quality should be the focus of the coffee industry moving forward into the future. When not working on the farm, Don Cesar enjoys time with his family, drinking coffee or sharing a meal while sitting on the patio and basking in the beautiful view over his farm. The variety With its distinctive pink cherries and outstanding cup quality, Pink Bourbon has become one of Colombia's most sought-after coffee varieties. Believed to have originated as a natural mutation in the highlands of Huila around 1980, its exact lineage is still debated, with some researchers suggesting it may share ancestry with Ethiopian landrace varieties. Thriving at elevations between 1,700 and 2,100 m.a.s.l., Pink Bourbon develops the bright acidity, floral aromatics and vibrant fruit character that have made it a favourite among producers and roasters alike. While it requires careful cultivation due to its susceptibility to diseases such as coffee leaf rust, the reward is a remarkably expressive cup with sweet, silky, fruit-forward flavours. The Processing Method At La Esmeralda, Cesar and his team selectively hand-pick only the ripest cherries before carefully sorting and floating them to remove any underripe or defective fruit. The cherries then undergo a 45-hour aerobic fermentation following Cofinet's protocol, enhancing sweetness and complexity while allowing the coffee's origin character to shine. After fermentation, they are dried slowly on raised parabolic beds for 10 to 15 days, with regular turning to ensure even drying and consistent quality. The result is a clean, expressive coffee with vibrant fruit character, layered sweetness and a full, silky body. Filter Recipe This is a good starting point for all of our Filter coffees. Adjust Accordingly to your own preference. Ground Coffee: 20g Brewed Weight: 300g Contact Time: 3-3:30 mins Water Your brewing water can make or break whether a coffee tastes vibrant and expressive or flat and muted. Since local water supplies vary, we’ve partnered with Apax Lab to help optimise your home brewing water. The following recipes are designed as starting points, focusing on clarity and even extraction to let the coffee’s natural acidity and sweetness shine. For the Low-Key Approach Base Water: Christchurch tap water Hardness (GH): 45ppm Alkalinity (KH): 52ppm Apax Drops per 1L: Tonik: 10 drops Jamm: 5 drops Since the alkalinity is already relatively high, Lilac is not needed, as alkalinity naturally buffers acidity. Instead, we focus on Tonik to increase hardness for improved extraction and Jamm to enhance texture, helping round out the cup. Adjusting for Local Water Conditions Christchurch's water supply is sourced from multiple groundwater wells across the city. While the overall water profile is relatively consistent, natural variation exists between supply zones. As a practical rule of thumb, the PPM may vary by approximately 5–15 ppm depending on location. For this reason, the recommended APAX recipe should be viewed as a starting point rather than a fixed target. The strength of the APAX system lies in its flexibility; mineral ratios can be adjusted easily to suit local water conditions and taste preferences. If coffees taste flat or lack vibrancy, increasing Tonik may improve extraction, flavour clarity, and acidity. If coffees taste overly sharp or acidic, increasing Jamm may help improve balance and perceived sweetness. Adjustments should be made incrementally and evaluated through taste. For the Coffee Geek Base Water: Fully distilled water ( Apax Drops per 1L: Tonik: 30 drops Jamm: 5 drops Lilac: 10 drops This recipe provides a balanced foundation that can be adjusted further depending on your taste preferences and the coffee being brewed. If you are outside of Christchurch, we recommend using the distilled water recipe. Always add to the water before brewing - not the brewed coffee. If you need assistance or are simply curious about the Apax drops, our Head of Coffee, James, welcomes all enquiries. You can get in touch at james@coffeeembassy.co.nz. Recommended Brewing Age 14+ days after roast date",unknown
eternalcoffee.co.nz,10012074475805,Colombia Los Nogales Typica - 2nd Place 2025 NZ Barista Championship(NZBC) COMPETITION COFFEE (Filter),filter roast,🆕-colombia-los-nogales-typica-2nd-place-2025-nzbc-competition-coffee-filter,https://eternalcoffee.co.nz/products/🆕-colombia-los-nogales-typica-2nd-place-2025-nzbc-competition-coffee-filter,True,25.0,25.0,2026-08-18T01:20:42+12:00,2026-08-17T13:20:42+00:00,"caturra,bourbon,typica,geisha","[{'size_grams': 100.0, 'price_nzd': 25.0}]",unknown,"Oscar Hernandez Region: Pitalito, Huila Process Method: Thermoshock Mosto Natural Varietal: Typica Altitude: 1870-2000masl Roaster's Comment: This coffee was chosen by Josh Peacocke where he feels a deep connection from the flavour then knowing the story of the farmers further sparked his inner soul with his connection with his grandmother",unknown,False,"Roasting Date: 14th July, dispatch 16 July Flavour: Parmasen Cheese Aroma, Purple Grapes, Kiwifruit, Dark Chocolate Producer: Oscar Hernandez Region: Pitalito, Huila Process Method: Thermoshock Mosto Natural Varietal: Typica Altitude: 1870-2000masl Roaster's Comment: This coffee was chosen by Josh Peacocke where he feels a deep connection from the flavour then knowing the story of the farmers further sparked his inner soul with his connection with his grandmother. This coffee wasn’t easy to roast. The start of this journey I roasted what I thought a Typica variety should be roasted, but soon enough I found that wasn’t the case. I went for very long roast time and the team trusted me on this and went with it. About 3 weeks before the championship, my instinct was to roast fast and more heat application. That ended up the ideal profile which we used on Saturday thus got Josh over to the finalist. The rest is history, Josh is 2nd 2025 NZ Barista Champs. From this experience, I’ve learnt a lot about roasting this coffee as well as roasting similar coffees with this processing. This filter profile is the best representation of the Typica from Los Nogales, it’s bold, sweet and balance. About the Coffee: Between the lush green mountains of Pitalito, Huila lies Finca Los Nogales, a family farm in the village of El Diamante that has cultivated coffee for over five generations. Here, the Hernández family’s deep connection to the land and dedication to innovation meet in perfect balance, transforming tradition into progress while preserving the soul of Colombian coffee. Among the farm’s diverse varieties, including Geisha, Bourbon, Caturra, Tabi, Typica and more, this lot reflects the farm’s ongoing research into fermentation and sensory excellence. Aníbal Díaz Plazas, who leads the sensory and quality program at Los Nogales, works closely with the team to refine every stage of processing, from seed to drying, to elevate both flavour and sustainability. The process begins with careful handpicking of only ripe cherries, followed by cleaning, density selection, and a brief heat shock to enhance sweetness and clarity. After pulping, natural sugars extracted from the coffee skins are reintroduced before a 120-hour controlled fermentation with natural preferments. The coffee is then sun-dried for 15 days, locking in a vibrant, balanced flavour profile that speaks of both science and craft. This washed lot embodies Los Nogales’ commitment to innovation, environmental responsibility, and the livelihoods of over 30 local families: a coffee born from research, passion, and generational care. This release means a lot to us . It holds the dedication and emotion of our founder YJ and the entire Eternal team: the long nights, the challenges, the small moments of joy, and the quiet tears shed along the way. Every detail, from the roast curve to the story on stage, and coaching Josh's stage routine was refined with care. A coffee born from heart, patience, and purpose. We wanted to capture as much as possible of Josh’s presence and performance at the competition in this release. With every sip, you can feel Josh brewing those cups, telling his story, and shedding heartfelt tears for his grandmother, as if you were right there with him, on stage. ✨ Enjoy!",unknown
eternalcoffee.co.nz,10212598546717,El Salvador Finca Plan del Hoyo Gesha Natural (Filter),filter roast,🆕-el-salvador-finca-plan-del-hoyo-gesha-natural-filter,https://eternalcoffee.co.nz/products/🆕-el-salvador-finca-plan-del-hoyo-gesha-natural-filter,True,27.0,27.0,2026-08-18T01:20:42+12:00,2026-08-17T13:20:42+00:00,"gesha,geisha","[{'size_grams': 100.0, 'price_nzd': 27.0}]",unknown,"Francisco De Sola, Finca Plan del Hoyo Region: Apaneca Process Method: Natural Varietal: Gesha Altitude: 1760 masl Roaster's Comment: Well, it’s always exciting to release a Geisha from each origin",unknown,False,"Flavour: White Muscat, Apple Juice, Orange, Orange Blossom Producer: Francisco De Sola, Finca Plan del Hoyo Region: Apaneca Process Method: Natural Varietal: Gesha Altitude: 1760 masl Roaster's Comment: Well, it’s always exciting to release a Geisha from each origin. El Salvador has always been one of those underrated origins for growing Geisha. I was lucky enough to taste this coffee alongside a few other lots from El Salvador, and the Geisha obviously stood out the most. This coffee has a lot of sweetness and plenty of body. I think those are the qualities that define it best. This particular sack of coffee travelled back with me from my Sydney trip, took a detour through MPI, and now we finally get to enjoy its fruitfulness together. About the Coffee: Fi nca Plan del Hoyo is a high elevation estate in the Apaneca region of El Salvador, owned and operated by Francisco De Sola. The farm spans 100 hectares, with coffee planted on select parcels of fertile volcanic soil and surrounded by timber land. Cherries are harvested between January and March and carefully processed on site, with a strong focus on precision, cleanliness, and consistency. Despite challenges such as labour availability and heavy seasonal rains, the farm is deeply invested in the future of specialty coffee and producing expressive, high-quality lots. This Gesha is processed as a natural, dried whole cherry on raised African beds. The process enhances fruit depth and sweetness while allowing the Gesha variety’s signature elegance to remain intact. The result is a cup that is aromatic, refined, and layered rather than heavy or overripe.",unknown
eternalcoffee.co.nz,10166721904925,Ethiopia Konga Heirloom Natural (Espresso),"filter roast,espresso roast",ethiopia-konga-heirloom-natural-espresso,https://eternalcoffee.co.nz/products/ethiopia-konga-heirloom-natural-espresso,True,26.0,56.0,2026-08-18T01:20:42+12:00,2026-08-17T13:20:42+00:00,unknown,"[{'size_grams': 200.0, 'price_nzd': 26.0}, {'size_grams': 500.0, 'price_nzd': 56.0}]",unknown,"Konga Keebler Region: Gedeo, Yirgacheffe Process Method: Natural Varietal: Heirloom Altitude: 1800-2000 masl Roaster's Comment: We selected this coffee from a lineup of five with a clear goal in mind",unknown,False,"Flavour: Black: Redcurrants, Stewed Rhubarb, Chamomile Tea Milk: Orange Fruit Burst, Milk Chocolate Farm: Konga Keebler Region: Gedeo, Yirgacheffe Process Method: Natural Varietal: Heirloom Altitude: 1800-2000 masl Roaster's Comment: We selected this coffee from a lineup of five with a clear goal in mind. We were looking for something that shines as a filter but also has enough depth and structure to hold beautifully in milk. This naturally processed Konga won over the selection. It offers a smooth, medium-bodied texture with generous sweetness, making it both expressive and versatile. We also chose it with what’s coming next in mind. Another coffee will follow shortly, and this release sets up a really exciting comparison between the two.",unknown
eternalcoffee.co.nz,10151827439901,Ethiopia Konga Heirloom Natural (Filter),filter roast,ethiopia-konga-heirloom-natural-filter,https://eternalcoffee.co.nz/products/ethiopia-konga-heirloom-natural-filter,True,26.0,56.0,2026-08-18T01:20:42+12:00,2026-08-17T13:20:42+00:00,unknown,"[{'size_grams': 200.0, 'price_nzd': 26.0}, {'size_grams': 500.0, 'price_nzd': 56.0}]",unknown,"Konga Keebler Region: Gedeo, Yirgacheffe Process Method: Natural Varietal: Heirloom Altitude: 1800-2000 masl Roaster's Comment: We selected this coffee from a lineup of five with a clear goal in mind",unknown,False,"Flavour: Redcurrants, Stewed Rhubarb, Chamomile Tea Farm: Konga Keebler Region: Gedeo, Yirgacheffe Process Method: Natural Varietal: Heirloom Altitude: 1800-2000 masl Roaster's Comment: We selected this coffee from a lineup of five with a clear goal in mind. We were looking for something that shines as a filter but also has enough depth and structure to hold beautifully in milk. This naturally processed Konga won over the selection. It offers a smooth, medium-bodied texture with generous sweetness, making it both expressive and versatile. We also chose it with what’s coming next in mind. Another coffee will follow shortly, and this release sets up a really exciting comparison between the two. Want to train your palate? This coffee is also available as part of our Ethiopia Natural Bundle: a champion-recommended pairing designed for side-by-side tasting to explore clarity, sweetness, and structure. 👉 Explore the Bundle Deal (and Save $6) About the Coffee: Grow n high in Ethiopia’s Yirgacheffe, this coffee comes from 800 smallholder farmers in Konga Kebele, each tending small 2-hectare plots. Sitting at 1,800-2,000 masl, the farms benefit from rich red-brown soils, steady rainfall, and mild temperatures perfect for slow, even cherry development. Shade-grown for extra complexity, the cherries ripen from October to January before heading to the local station. There, they’re carefully sun-dried on raised beds for 15-21 days, raked regularly for consistency, shaded during peak heat, and covered at night. A beautifully expressive coffee shaped by altitude, patience, and meticulous care.",unknown
eternalcoffee.co.nz,10189056377117,Limited: Ethiopia Natural Bundle: TOH #1 Lulo + Konga,filter roast,🆕-limited-ethiopia-natural-bundle-toh-1-lulo-konga-heirloom,https://eternalcoffee.co.nz/products/🆕-limited-ethiopia-natural-bundle-toh-1-lulo-konga-heirloom,True,66.0,66.0,2026-08-18T01:20:42+12:00,2026-08-17T13:20:42+00:00,unknown,"[{'size_grams': 100.0, 'price_nzd': 66.0}]",Ethiopia,"Lulo Coffee, Robel Kidane Region: Bella, Buku Valley, Hambella, Guji Process Method: Natural Varietal: 74112 & 74158 Altitude: 2200 masl A competition-winning natural with a thick, juicy, tropical profile and exceptional clarity, showcasing the best of high-altitude Ethiopian natural processing",unknown,False,"*]:pointer-events-auto R6Vx5W_threadScrollVars scroll-mb-[calc(var(--scroll-root-safe-area-inset-bottom,0px)+var(--thread-response-height))] scroll-mt-(--header-height)""> *]:pointer-events-auto R6Vx5W_threadScrollVars scroll-mb-[calc(var(--scroll-root-safe-area-inset-bottom,0px)+var(--thread-response-height))] scroll-mt-[calc(var(--header-height)+min(200px,max(70px,20svh)))]""> Grab the “Ethiopia Natural Bundle” as a curated tasting set and explore two distinct expressions of Ethiopian naturals side by side. Worth $66 when bought separately ($40 + $26). Get both for just $60, with an automatic $6 discount applied at checkout. Please note this bundle discount cannot be combined with any other product or order discounts. 🏆 Ethiopia TOH #1 Natural Lulo Coffee (100g) Flavour: Mango, Orah Mandarin, Jujube Date Origin: Ethiopia Producer: Lulo Coffee, Robel Kidane Region: Bella, Buku Valley, Hambella, Guji Process Method: Natural Varietal: 74112 & 74158 Altitude: 2200 masl A competition-winning natural with a thick, juicy, tropical profile and exceptional clarity, showcasing the best of high-altitude Ethiopian natural processing. Ethiopia Konga Heirloom Natural Filter (200g) Flavour: Redcurrants, Stewed Rhubarb, Chamomile Tea Origin: Ethiopia Farm: Konga Keebler Region: Gedeo, Yirgacheffe Process Method: Natural Varietal: Heirloom Altitude: 1800–2000 masl A smooth, structured natural with soft sweetness and layered fruit complexity versatile, beautifully balanced for filter. Why this bundle exists This set is designed as a tasting experience, to help you develop your palate by comparing two different Ethiopian natural expressions side by side. Learn to identify sweetness, structure, fermentation character, and clarity in the cup.",unknown
eternalcoffee.co.nz,10309821432093,🆕 Ethiopia Peace Town 74158 72hr Dark Room Natural (Filter),filter roast,ethiopia-peace-town-74158-72hr-dark-room-natural-filter,https://eternalcoffee.co.nz/products/ethiopia-peace-town-74158-72hr-dark-room-natural-filter,True,30.0,30.0,2026-08-18T01:20:42+12:00,2026-08-17T13:20:42+00:00,unknown,"[{'size_grams': 100.0, 'price_nzd': 30.0}]",unknown,"Uncle Adumu, Peach Town R egion: Amfo, Hambela Process Method: 72hr Dark Room Anaerobic Natural Varietal: 74158 Altitude: 2072 masl Roaster’s Comment: Dark Room processing is one of the most exciting innovations I’ve seen in coffee processing in recent years",unknown,False,"Boysenberry Yogurt, Pink Pomelo, Golden Kiwifruit Producer: Uncle Adumu, Peach Town R egion: Amfo, Hambela Process Method: 72hr Dark Room Anaerobic Natural Varietal: 74158 Altitude: 2072 masl Roaster’s Comment: Dark Room processing is one of the most exciting innovations I’ve seen in coffee processing in recent years. I honestly didn’t expect this method to have such a dramatic impact on flavour. Because it’s such a new processing method, I was naturally curious. When I received the sample, I couldn’t believe what I was tasting. The funky character was unlike any fermentation process I’ve experienced before. It was incredibly expressive, yet so clean, sweet, and full of flavour. This is just the first Dark Room processed coffee we’re launching, and I’m confident it won’t be the last. I can’t wait to discover and share more exceptional coffees processed this way in the future. About the Coffee This was the town's first specially processed coffee under his leadership. Soon after, armed forces entered the village and took the men away, including Uncle Adumu*. The work was left unfinished, and the future became uncertain. What remains is this coffee. In the cup, it carries courage, care, and intention. It's a quiet legacy carried forward. This was the first experimental processing in Peace Town**, Hambela, led by Uncle Adumu*. Fresh cherries were sealed in food-grade plastic bags in dark room for 72 hours, then sun-dried on raised beds for 20 days with constant turning. *""Uncle Adumu"" is a nickname commonly used by green bean buyers and roasters for a local Hambella smallholder producer / community figure, rather than an officially named estate. **Peace Town refers to a local community initiative or informal settlement in the Guji Gedeo region linked to peace-building or resettlement efforts.",unknown
eternalcoffee.co.nz,10309061673245,🆕 Peachylicious - Fruity Blend (Espresso),espresso roast,peachylicious-fruity-blend-espresso,https://eternalcoffee.co.nz/products/peachylicious-fruity-blend-espresso,True,26.0,56.0,2026-08-18T01:20:42+12:00,2026-08-17T13:20:42+00:00,bourbon,"[{'size_grams': 200.0, 'price_nzd': 26.0}, {'size_grams': 500.0, 'price_nzd': 56.0}]",Ethiopia + Colombia,"Anbessa + Jairo Arcila Region: Adame Kebele, Gedeo + Santa Monica Process Method: Natural + Lychee Co-Fermentation Varietal: Heirloom + Pink Bourbon Altitude: 1700-2250 masl Roaster's Comment: People often ask why we blend our co ferment coffees instead of releasing them on their own",unknown,False,"Flavour: - Black: Peach Milk Candy, Mixed Berries - Milk: Citrus, Peach, Mixed Berries Origin: Ethiopia + Colombia Producer: Anbessa + Jairo Arcila Region: Adame Kebele, Gedeo + Santa Monica Process Method: Natural + Lychee Co-Fermentation Varietal: Heirloom + Pink Bourbon Altitude: 1700-2250 masl Roaster's Comment: People often ask why we blend our co ferment coffees instead of releasing them on their own. There are a few reasons. First, co ferment coffees are expensive to produce. Behind every lot is countless hours of research, experimentation, and trial and error before it even reaches our roastery. By supporting these coffees, we're also supporting producers who continue to push boundaries and invest in growing even better coffees for the future. Secondly, we see these coffees as one of the most exciting entry points into specialty coffee. Their bold, fruit forward flavours are often what spark curiosity and pull new consumers into the world of specialty coffee. They are approachable, memorable, and create that “wow” moment that opens the door to everything else. From a roasting perspective, balance also matters. On their own, some co ferment coffees can be quite intense and direct. By carefully blending them with a complementary coffee, we soften the edges, build more structure, and create a cup that's sweeter, more balanced, and easier to enjoy, while still letting the co ferment character shine. Finally, blending helps us keep these coffees more accessible. It allows more consumers, especially those just getting into specialty coffee, to experience these unique flavour profiles at a more approachable price point. In that way, we’re not just showcasing innovation, we’re also helping more people take their first step into specialty coffee in an exciting and enjoyable way.",unknown
eternalcoffee.co.nz,10309051482397,🆕 Peachylicious - Fruity Blend (Filter),filter roast,peachylicious-fruity-blend-filter,https://eternalcoffee.co.nz/products/peachylicious-fruity-blend-filter,True,26.0,56.0,2026-08-18T01:20:42+12:00,2026-08-17T13:20:42+00:00,bourbon,"[{'size_grams': 200.0, 'price_nzd': 26.0}, {'size_grams': 500.0, 'price_nzd': 56.0}]",Ethiopia + Colombia,"Anbessa + Jairo Arcila Region: Adame Kebele, Gedeo + Santa Monica Process Method: Natural + Lychee Co-Fermentation Varietal: Heirloom + Pink Bourbon Altitude: 1700-2250 masl Roaster's Comment: People often ask why we blend our co ferment coffees instead of releasing them on their own",unknown,False,"Flavour: Peach Jam, Mixed Berries, Oolong Tea Origin: Ethiopia + Colombia Producer: Anbessa + Jairo Arcila Region: Adame Kebele, Gedeo + Santa Monica Process Method: Natural + Lychee Co-Fermentation Varietal: Heirloom + Pink Bourbon Altitude: 1700-2250 masl Roaster's Comment: People often ask why we blend our co ferment coffees instead of releasing them on their own. There are a few reasons. First, co ferment coffees are expensive to produce. Behind every lot is countless hours of research, experimentation, and trial and error before it even reaches our roastery. By supporting these coffees, we're also supporting producers who continue to push boundaries and invest in growing even better coffees for the future. Secondly, we see these coffees as one of the most exciting entry points into specialty coffee. Their bold, fruit forward flavours are often what spark curiosity and pull new consumers into the world of specialty coffee. They are approachable, memorable, and create that “wow” moment that opens the door to everything else. From a roasting perspective, balance also matters. On their own, some co ferment coffees can be quite intense and direct. By carefully blending them with a complementary coffee, we soften the edges, build more structure, and create a cup that's sweeter, more balanced, and easier to enjoy, while still letting the co ferment character shine. Finally, blending helps us keep these coffees more accessible. It allows more consumers, especially those just getting into specialty coffee, to experience these unique flavour profiles at a more approachable price point. In that way, we’re not just showcasing innovation, we’re also helping more people take their first step into specialty coffee in an exciting and enjoyable way.",unknown
